Date,Departure,Arrival,POI,I/D,,,,
31.3,23:45,17:35,Tel Aviv-Yafo,1,,,,
31.3,23:50,13:50,Accra,1,,,,
31.3,23:59,03:41,San Juan,1,,,,
31.3,00:50,18:20,Tel Aviv-Yafo,1,,,,
31.3,01:00,20:30,Doha,1,,,,
31.3,01:15,03:00,Chicago,0,,,,
31.3,01:25,04:15,Taipei,1,Date,Departure,Arrival,POI
31.3,02:05,05:55,Anchorage,0,,,,
31.3,02:12,06:41,Panama City,0,,,,
31.3,02:20,05:20,Houston,0,,,,
31.3,02:30,15:20,Brussels,1,,,,
31.3,04:10,07:05,San Salvador,1,,,,
31.3,04:35,18:15,Milan,1,,,,
31.3,04:35,17:15,Milan,1,,,,
31.3,04:45,17:33,Frankfurt,1,,,,
31.3,04:45,18:20,Frankfurt,1,,,,
31.3,05:01,08:29,Santiago,1,,,,
31.3,05:01,08:39,Santo Domingo,1,,,,
31.3,05:40,08:41,Fort Lauderdale,0,,,,
31.3,05:55,09:27,Santiago,1,,,,
31.3,06:00,09:47,San Juan,1,,,,
31.3,06:00,08:33,Atlanta,0,,,,
31.3,06:00,09:09,Miami,0,,,,
31.3,06:01,08:50,Kingston,1,,,,
31.3,06:01,09:47,Port Au Prince,1,,,,
31.3,06:14,08:21,Charlotte,0,,,,
31.3,06:20,18:25,Leicestershire,1,,,,
31.3,06:29,08:09,Cincinnati,0,,,,
31.3,06:45,07:55,Boston,0,,,,
31.3,06:55,10:33,Salt Lake City,0,,,,
31.3,06:59,10:24,Los Angeles,0,,,,
31.3,07:00,10:23,Seattle,0,,,,
31.3,07:00,12:40,Georgetown,0,,,,
31.3,07:00,12:51,Georgetown,0,,,,
31.3,07:00,10:17,Fort Myers,0,,,,
31.3,07:01,07:34,Hartford,0,,,,
31.3,07:05,10:08,Tampa,0,,,,
31.3,07:10,10:33,Seattle,0,,,,
31.3,07:10,10:17,Fort Lauderdale,0,,,,
31.3,07:10,10:18,Miami,0,,,,
31.3,07:15,09:33,Minneapolis,0,,,,
31.3,07:19,10:13,Orlando,0,,,,
31.3,07:25,10:39,Fort Myers,0,,,,
31.3,07:29,11:15,Punta Cana,1,,,,
31.3,07:29,10:36,Fort Worth,0,,,,
31.3,07:30,10:03,Jacksonville,0,,,,
31.3,07:30,10:50,Austin,0,,,,
31.3,07:30,11:55,Aruba,1,,,,
31.3,07:30,11:08,San Francisco,0,,,,
31.3,07:30,10:17,Bogota,1,,,,
31.3,07:41,10:50,Cancun,1,,,,
31.3,07:45,11:13,San Diego,0,,,,
31.3,07:45,11:00,Miami,0,,,,
31.3,07:50,10:30,Denver,0,,,,
31.3,07:55,11:42,Louisville,0,,,,
31.3,07:59,11:56,San Francisco,0,,,,
31.3,07:59,11:14,Miami,0,,,,
31.3,07:59,11:41,San Francisco,0,,,,
31.3,08:00,11:11,Fort Lauderdale,0,,,,
31.3,08:00,09:44,Raleigh/Durham,0,,,,
31.3,08:00,10:38,Jacksonville,0,,,,
31.3,08:00,11:58,Saint Thomas,0,,,,
31.3,08:00,11:28,Los Angeles,0,,,,
31.3,08:00,19:40,London,1,,,,
31.3,08:00,11:13,Cancun,1,,,,
31.3,08:00,11:04,Montego Bay,1,,,,
31.3,08:00,11:46,Santo Domingo,1,,,,
31.3,08:00,10:55,Montego Bay,1,,,,
31.3,08:00,11:50,Santiago,1,,,,
31.3,08:01,11:09,San Diego,0,,,,
31.3,08:05,11:57,San Juan,1,,,,
31.3,08:10,12:16,Punta Cana,1,,,,
31.3,08:15,11:35,Los Angeles,0,,,,
31.3,08:15,22:21,Leipzig/Halle,1,,,,
31.3,08:20,10:59,Atlanta,0,,,,
31.3,08:20,12:00,Anchorage,0,,,,
31.3,08:25,11:52,San Jose,0,,,,
31.3,08:25,11:10,New Orleans,0,,,,
31.3,08:29,12:33,Antigua,1,,,,
31.3,08:30,11:32,Orlando,0,,,,
31.3,08:30,12:22,Santo Domingo,1,,,,
31.3,08:30,10:12,Memphis,0,,,,
31.3,08:35,11:40,Las Vegas,0,,,,
31.3,08:40,11:44,Sarasota,0,,,,
31.3,08:40,13:20,Anchorage,0,,,,
31.3,08:46,13:30,Aruba,1,,,,
31.3,08:48,11:49,Tampa,0,,,,
31.3,09:00,13:15,Antigua,1,,,,
31.3,09:00,12:12,Fort Lauderdale,0,,,,
31.3,09:00,12:58,San Juan,1,,,,
31.3,09:00,11:48,Louisville,0,,,,
31.3,09:00,12:08,Los Angeles,0,,,,
31.3,09:00,11:15,Charleston,0,,,,
31.3,09:00,12:02,West Palm Beach,0,,,,
31.3,09:00,13:45,Bogota,1,,,,
31.3,09:05,11:51,Phoenix,0,,,,
31.3,09:07,12:15,Cancun,1,,,,
31.3,09:10,12:10,Montego Bay,1,,,,
31.3,09:10,10:57,Raleigh/Durham,0,,,,
31.3,09:10,10:55,Memphis,0,,,,
31.3,09:15,10:58,Chicago,0,,,,
31.3,09:15,12:45,Seoul,1,,,,
31.3,09:22,12:50,Mexico City,1,,,,
31.3,09:30,10:42,Boston,0,,,,
31.3,09:35,12:58,Seattle,0,,,,
31.3,09:37,11:50,Detroit,0,,,,
31.3,09:40,13:01,Salt Lake City,0,,,,
31.3,09:42,12:05,Charleston,0,,,,
31.3,09:45,12:24,Atlanta,0,,,,
31.3,09:45,12:36,Las Vegas,0,,,,
31.3,09:49,13:30,Santiago,1,,,,
31.3,09:59,12:10,Charlotte,0,,,,
31.3,10:00,13:17,Cancun,1,,,,
31.3,10:00,14:35,Medellin,1,,,,
31.3,10:01,13:58,Cartagena,1,,,,
31.3,10:02,14:34,Aruba,1,,,,
31.3,10:15,13:18,Houston,0,,,,
31.3,10:17,14:46,Panama City,0,,,,
31.3,10:18,13:20,Cancun,1,,,,
31.3,10:19,14:10,Port Au Prince,1,,,,
31.3,10:25,13:54,Salt Lake City,0,,,,
31.3,10:30,12:51,Savannah,0,,,,
31.3,10:30,13:11,Vail,0,,,,
31.3,10:30,13:32,Tampa,0,,,,
31.3,10:32,13:35,Cancun,1,,,,
31.3,10:39,11:27,Trenton,0,,,,
31.3,10:45,14:26,Santiago,1,,,,
31.3,11:00,13:58,West Palm Beach,0,,,,
31.3,11:00,14:03,Fort Lauderdale,0,,,,
31.3,11:05,14:51,Punta Cana,1,,,,
31.3,11:18,14:13,Cancun,1,,,,
31.3,11:20,07:50,Dubai,1,,,,
31.3,11:28,14:21,Orlando,0,,,,
31.3,11:29,14:24,Montego Bay,1,,,,
31.3,11:30,14:23,Orlando,0,,,,
31.3,11:30,15:08,Puerto Plata,1,,,,
31.3,11:31,14:53,Los Angeles,0,,,,
31.3,11:45,15:29,Santo Domingo,1,,,,
31.3,11:52,14:00,Charlotte,0,,,,
31.3,11:56,15:44,Santiago,1,,,,
31.3,11:57,15:05,Miami,0,,,,
31.3,11:59,14:23,Atlanta,0,,,,
31.3,12:00,07:00,Baku,1,,,,
31.3,12:00,15:00,Tokyo,0,,,,
31.3,12:00,15:14,Miami,0,,,,
31.3,12:00,14:12,Cincinnati,0,,,,
31.3,12:00,14:19,Cincinnati,0,,,,
31.3,12:00,14:34,Beijing,1,,,,
31.3,12:00,15:20,Los Angeles,0,,,,
31.3,12:00,15:06,Fort Lauderdale,0,,,,
31.3,12:00,15:24,Los Angeles,0,,,,
31.3,12:10,13:23,Martha's Vineyard,0,,,,
31.3,12:15,13:44,Chicago,0,,,,
31.3,12:15,13:05,Middletown,0,,,,
31.3,12:30,12:00,Delhi,1,,,,
31.3,12:30,16:14,Santo Domingo,1,,,,
31.3,13:00,05:20,Istanbul,1,,,,
31.3,13:00,16:39,Santo Domingo,1,,,,
31.3,13:15,16:35,Tokyo,0,,,,
31.3,13:30,13:55,Liege,1,,,,
31.3,13:35,16:31,Orlando,0,,,,
31.3,13:35,16:20,Phoenix,0,,,,
31.3,13:45,17:29,San Juan,1,,,,
31.3,13:48,18:45,Bogota,1,,,,
31.3,13:50,17:45,Seoul,1,,,,
31.3,13:55,17:20,Seoul,1,,,,
31.3,14:00,16:29,Denver,0,,,,
31.3,14:00,17:04,Tampa,0,,,,
31.3,14:13,16:44,Jacksonville,0,,,,
31.3,14:25,18:05,Santiago,1,,,,
31.3,14:30,17:46,Miami,0,,,,
31.3,14:54,18:12,Fort Lauderdale,0,,,,
31.3,14:55,16:42,Raleigh/Durham,0,,,,
31.3,14:55,16:23,Rochester,0,,,,
31.3,14:55,16:30,Buffalo,0,,,,
31.3,14:55,16:30,Washington,0,,,,
31.3,15:00,18:06,Sun Valley,0,,,,
31.3,15:00,16:15,Syracuse,0,,,,
31.3,15:00,17:30,Halifax,1,,,,
31.3,15:05,17:26,Minneapolis,0,,,,
31.3,15:25,18:43,Miami,0,,,,
31.3,15:29,18:34,West Palm Beach,0,,,,
31.3,15:31,21:25,Guayaquil,1,,,,
31.3,15:35,18:34,Orlando,0,,,,
31.3,15:35,18:47,Fort Lauderdale,0,,,,
31.3,15:40,18:45,Orlando,0,,,,
31.3,15:45,18:35,Kingston,1,,,,
31.3,15:45,18:21,Atlanta,0,,,,
31.3,15:47,18:59,Fort Myers,0,,,,
31.3,15:50,21:33,Georgetown,0,,,,
31.3,15:59,19:54,San Juan,1,,,,
31.3,16:00,19:30,Mexico City,1,,,,
31.3,16:00,18:15,Beijing,1,,,,
31.3,16:05,19:27,Fort Myers,0,,,,
31.3,16:05,19:25,Mexico City,1,,,,
31.3,16:10,19:35,Los Angeles,0,,,,
31.3,16:18,19:40,Miami,0,,,,
31.3,16:25,19:25,Shanghai,1,,,,
31.3,16:30,20:11,Santiago,1,,,,
31.3,16:30,19:35,Tampa,0,,,,
31.3,16:30,20:19,Santo Domingo,1,,,,
31.3,16:33,19:50,Miami,0,,,,
31.3,16:39,19:39,Orlando,0,,,,
31.3,16:40,20:15,Los Angeles,0,,,,
31.3,16:41,19:18,Atlanta,0,,,,
31.3,16:41,20:16,Salt Lake City,0,,,,
31.3,16:45,18:03,Boston,0,,,,
31.3,16:55,20:33,Tokyo,0,,,,
31.3,16:55,20:20,Tokyo,0,,,,
31.3,16:59,20:57,San Francisco,0,,,,
31.3,17:00,20:25,Los Angeles,0,,,,
31.3,17:10,19:01,Chicago,0,,,,
31.3,17:15,20:40,Los Angeles,0,,,,
31.3,17:15,07:30,Rome,0,,,,
31.3,17:15,04:50,Dublin,1,,,,
31.3,17:15,06:50,Amsterdam,1,,,,
31.3,17:20,20:41,Seattle,0,,,,
31.3,17:30,20:55,Austin,0,,,,
31.3,17:30,19:44,Detroit,0,,,,
31.3,17:31,19:46,Charlotte,0,,,,
31.3,17:35,07:45,Milan,1,,,,
31.3,17:35,05:00,Sao Paulo,1,,,,
31.3,17:45,20:54,Fort Lauderdale,0,,,,
31.3,17:45,06:55,Paris,1,,,,
31.3,17:54,21:03,Fort Lauderdale,0,,,,
31.3,17:55,21:37,San Francisco,0,,,,
31.3,18:00,21:49,San Francisco,0,,,,
31.3,18:00,21:25,Mexico City,1,,,,
31.3,18:15,21:15,Tokyo,0,,,,
31.3,18:20,06:20,London,1,,,,
31.3,18:30,21:51,Los Angeles,0,,,,
31.3,18:30,08:00,Paris,1,,,,
31.3,18:30,11:00,Cairo,1,,,,
31.3,18:30,21:44,Portland,0,,,,
31.3,18:30,07:45,Amsterdam,1,,,,
31.3,18:30,06:30,London,1,,,,
31.3,18:45,22:35,San Francisco,0,,,,
31.3,18:45,21:15,Atlanta,0,,,,
31.3,18:55,21:24,Savannah,0,,,,
31.3,18:55,22:46,San Juan,1,,,,
31.3,18:59,22:51,San Juan,1,,,,
31.3,18:59,22:08,San Salvador,1,,,,
31.3,19:00,22:34,Los Angeles,0,,,,
31.3,19:00,20:35,Rockford,0,,,,
31.3,19:00,11:27,Istanbul,1,,,,
31.3,19:15,22:11,Lakeland,0,,,,
31.3,19:25,23:29,San Francisco,0,,,,
31.3,19:29,22:51,Miami,0,,,,
31.3,19:30,07:10,Dakar,1,,,,
31.3,19:30,07:35,London,1,,,,
31.3,19:30,09:10,Paris,1,,,,
31.3,19:30,22:24,Orlando,0,,,,
31.3,19:33,09:15,Madrid,1,,,,
31.3,19:40,21:20,Washington,0,,,,
31.3,19:45,21:44,Raleigh/Durham,0,,,,
31.3,19:50,22:34,Phoenix,0,,,,
31.3,19:59,23:08,Las Vegas,0,,,,
31.3,19:59,21:30,Burlington,0,,,,
31.3,19:59,23:24,Miami,0,,,,
31.3,19:59,23:22,Fort Lauderdale,0,,,,
31.3,19:59,21:34,Rochester,0,,,,
31.3,20:00,23:49,Santiago,1,,,,
31.3,20:00,20:42,Westchester County,0,,,,
31.3,20:10,23:10,Orlando,0,,,,
31.3,20:10,08:20,London,1,,,,
31.3,20:15,22:25,Atlanta,0,,,,
31.3,20:30,10:15,Paris,1,,,,
31.3,20:30,01:24,Bogota,1,,,,
31.3,20:30,09:45,Paris,1,,,,
31.3,20:35,00:27,Santo Domingo,1,,,,
31.3,20:35,08:16,London,1,,,,
31.3,20:40,10:00,Madrid,1,,,,
31.3,20:40,08:30,Casablanca,1,,,,
31.3,20:45,11:35,Helsinki,1,,,,
31.3,20:55,00:18,Los Angeles,0,,,,
31.3,20:55,16:25,Doha,1,,,,
31.3,20:59,22:36,Buffalo,0,,,,
31.3,20:59,22:18,Syracuse,0,,,,
31.3,21:00,22:17,Boston,0,,,,
31.3,21:00,22:22,Syracuse,0,,,,
31.3,21:00,22:33,Buffalo,0,,,,
31.3,21:05,17:50,Abu Dhabi,1,,,,
31.3,21:05,10:55,Zurich,1,,,,
31.3,21:15,11:35,Lome,1,,,,
31.3,21:29,22:49,Boston,0,,,,
31.3,21:35,09:40,London,1,,,,
31.3,21:40,23:25,Chicago,0,,,,
31.3,21:42,09:15,Dublin,1,,,,
31.3,21:55,09:50,Buenos Aires,1,,,,
31.3,21:55,23:38,Memphis,0,,,,
31.3,22:00,09:36,London,1,,,,
31.3,22:00,00:51,Phoenix,0,,,,
31.3,22:15,12:45,Warsaw,1,,,,
31.3,22:30,02:10,Santiago,1,,,,
31.3,22:30,00:30,Chicago,0,,,,
31.3,22:30,05:20,Singapore,1,,,,
31.3,22:35,11:29,Frankfurt,1,,,,
31.3,22:35,12:05,Frankfurt,1,,,,
31.3,22:37,23:55,Rockford,0,,,,
31.3,22:43,00:26,Memphis,0,,,,
31.3,22:46,09:40,Sao Paulo,1,,,,
31.3,22:47,00:47,Indianapolis,0,,,,
31.3,22:50,00:52,Louisville,0,,,,
31.3,23:00,19:45,Dubai,1,,,,
31.3,23:00,09:15,Sao Paulo,1,,,,
31.3,23:00,02:41,Santo Domingo,1,,,,
31.3,23:05,16:31,Rota,1,,,,
31.3,23:05,23:39,Philadelphia,0,,,,
31.3,23:10,00:58,Cincinnati,0,,,,
31.3,23:20,02:43,Mexico City,1,,,,
31.3,23:20,16:00,Istanbul,1,,,,
31.3,23:30,00:43,Hamilton,1,,,,
1.4,08:40,13:20,Anchorage,0,,,,
1.4,23:05,16:31,Rota,1,,,,
1.4,23:20,16:00,Istanbul,1,,,,
1.4,23:20,02:43,Mexico City,1,,,,
1.4,23:45,17:35,Tel Aviv-Yafo,1,,,,
1.4,23:50,13:50,Accra,1,,,,
1.4,23:59,03:41,San Juan,1,,,,
1.4,00:25,04:20,Hong Kong,1,,,,
1.4,00:30,18:00,Tel Aviv-Yafo,1,,,,
1.4,01:00,20:30,Doha,1,,,,
1.4,01:25,05:15,Taipei,1,,,,
1.4,02:10,07:00,Bogota,1,,,,
1.4,02:12,06:41,Panama City,0,,,,
1.4,03:01,14:48,Shannon,0,,,,
1.4,04:00,08:15,Mexico City,1,,,,
1.4,04:10,07:05,San Salvador,1,,,,
1.4,04:15,07:07,Anchorage,0,,,,
1.4,04:35,18:15,Milan,1,,,,
1.4,04:40,08:13,Anchorage,0,,,,
1.4,05:01,08:29,Santiago,1,,,,
1.4,05:01,08:38,Santo Domingo,1,,,,
1.4,05:40,08:41,Fort Lauderdale,0,,,,
1.4,05:55,09:27,Santiago,1,,,,
1.4,06:00,09:47,San Juan,1,,,,
1.4,06:00,08:33,Atlanta,0,,,,
1.4,06:00,09:09,Miami,0,,,,
1.4,06:01,09:46,Port Au Prince,1,,,,
1.4,06:01,08:50,Kingston,1,,,,
1.4,06:14,08:21,Charlotte,0,,,,
1.4,06:20,18:25,Leicestershire,1,,,,
1.4,06:29,08:17,Cincinnati,0,,,,
1.4,06:45,07:54,Boston,0,,,,
1.4,06:55,10:33,Salt Lake City,0,,,,
1.4,06:59,10:24,Los Angeles,0,,,,
1.4,07:00,10:17,Fort Myers,0,,,,
1.4,07:00,12:51,Georgetown,0,,,,
1.4,07:05,10:08,Tampa,0,,,,
1.4,07:10,10:33,Seattle,0,,,,
1.4,07:10,09:43,Jacksonville,0,,,,
1.4,07:10,10:18,Miami,0,,,,
1.4,07:10,10:17,Fort Lauderdale,0,,,,
1.4,07:15,09:33,Minneapolis,0,,,,
1.4,07:15,09:47,Atlanta,0,,,,
1.4,07:19,10:13,Orlando,0,,,,
1.4,07:20,10:34,Los Angeles,0,,,,
1.4,07:20,20:35,Luxembourg,1,,,,
1.4,07:25,10:34,Fort Myers,0,,,,
1.4,07:29,10:06,Fort Worth,0,,,,
1.4,07:30,10:50,Austin,0,,,,
1.4,07:30,11:08,San Francisco,0,,,,
1.4,07:30,11:55,Aruba,1,,,,
1.4,07:35,11:05,Seoul,1,,,,
1.4,07:41,10:50,Cancun,1,,,,
1.4,07:45,11:00,Miami,0,,,,
1.4,07:45,11:13,San Diego,0,,,,
1.4,07:46,12:30,Aruba,1,,,,
1.4,07:49,11:05,Liberia,1,,,,
1.4,07:50,10:30,Denver,0,,,,
1.4,07:53,11:38,Punta Cana,1,,,,
1.4,07:55,09:49,Louisville,0,,,,
1.4,07:59,11:38,San Francisco,0,,,,
1.4,07:59,11:56,San Francisco,0,,,,
1.4,08:00,10:35,Jacksonville,0,,,,
1.4,08:00,11:23,Liberia,1,,,,
1.4,08:00,11:07,Fort Lauderdale,0,,,,
1.4,08:00,10:10,Charleston,0,,,,
1.4,08:00,11:04,Montego Bay,1,,,,
1.4,08:00,11:43,Santo Domingo,1,,,,
1.4,08:00,09:43,Raleigh/Durham,0,,,,
1.4,08:00,11:28,Los Angeles,0,,,,
1.4,08:00,11:09,Miami,0,,,,
1.4,08:00,11:58,Saint Thomas,0,,,,
1.4,08:00,11:13,Cancun,1,,,,
1.4,08:00,11:50,Santiago,1,,,,
1.4,08:01,11:09,San Diego,0,,,,
1.4,08:05,11:11,Dallas,0,,,,
1.4,08:05,10:59,Montego Bay,1,,,,
1.4,08:05,11:57,San Juan,1,,,,
1.4,08:10,12:16,Punta Cana,1,,,,
1.4,08:15,20:00,London,1,,,,
1.4,08:15,11:33,San Jose Cabo,1,,,,
1.4,08:15,22:36,Leipzig/Halle,1,,,,
1.4,08:20,10:59,Atlanta,0,,,,
1.4,08:25,11:10,New Orleans,0,,,,
1.4,08:25,12:26,Sint Maarten,1,,,,
1.4,08:30,11:29,Tampa,0,,,,
1.4,08:30,10:21,Memphis,0,,,,
1.4,08:30,11:49,Austin,0,,,,
1.4,08:30,12:22,Santo Domingo,1,,,,
1.4,08:30,11:30,Orlando,0,,,,
1.4,08:35,11:40,Las Vegas,0,,,,
1.4,08:40,11:44,Sarasota,0,,,,
1.4,08:42,12:30,Providenciales,1,,,,
1.4,08:45,12:55,Sint Maarten,1,,,,
1.4,09:00,13:15,Antigua,1,,,,
1.4,09:00,12:56,San Juan,1,,,,
1.4,09:00,12:01,West Palm Beach,0,,,,
1.4,09:00,12:08,Los Angeles,0,,,,
1.4,09:00,11:40,Orlando,0,,,,
1.4,09:00,11:04,Louisville,0,,,,
1.4,09:00,12:09,Palm Springs,0,,,,
1.4,09:00,10:45,Chicago,0,,,,
1.4,09:00,13:31,Saint Lucia,1,,,,
1.4,09:00,12:23,Seattle,0,,,,
1.4,09:05,12:30,Los Angeles,0,,,,
1.4,09:05,11:01,Detroit,0,,,,
1.4,09:05,11:51,Phoenix,0,,,,
1.4,09:07,12:15,Cancun,1,,,,
1.4,09:10,10:52,Memphis,0,,,,
1.4,09:10,10:57,Raleigh/Durham,0,,,,
1.4,09:10,12:10,Montego Bay,1,,,,
1.4,09:15,10:58,Chicago,0,,,,
1.4,09:29,12:50,Nassau,0,,,,
1.4,09:30,10:42,Boston,0,,,,
1.4,09:30,09:39,Newark,0,,,,
1.4,09:35,12:58,Seattle,0,,,,
1.4,09:37,11:50,Detroit,0,,,,
1.4,09:40,13:01,Salt Lake City,0,,,,
1.4,09:42,12:05,Charleston,0,,,,
1.4,09:45,12:22,Atlanta,0,,,,
1.4,09:45,12:34,Las Vegas,0,,,,
1.4,09:49,13:27,Santiago,1,,,,
1.4,09:59,13:25,Key West,0,,,,
1.4,09:59,12:10,Charlotte,0,,,,
1.4,09:59,11:31,Nashville,0,,,,
1.4,10:00,15:25,Honolulu,0,,,,
1.4,10:00,11:27,Rochester,0,,,,
1.4,10:00,13:09,Fort Lauderdale,0,,,,
1.4,10:00,13:17,Cancun,1,,,,
1.4,10:05,11:35,Buffalo,0,,,,
1.4,10:10,11:24,Syracuse,0,,,,
1.4,10:15,13:18,Houston,0,,,,
1.4,10:17,14:46,Panama City,0,,,,
1.4,10:18,14:50,Aruba,1,,,,
1.4,10:18,13:20,Cancun,1,,,,
1.4,10:25,13:54,Salt Lake City,0,,,,
1.4,10:30,13:32,Tampa,0,,,,
1.4,10:30,13:11,Vail,0,,,,
1.4,10:30,12:51,Savannah,0,,,,
1.4,10:32,13:27,West Palm Beach,0,,,,
1.4,10:35,13:35,Cancun,1,,,,
1.4,10:41,11:57,Rochester,0,,,,
1.4,10:45,14:26,Santiago,1,,,,
1.4,11:00,14:03,Fort Lauderdale,0,,,,
1.4,11:05,14:35,Mexico City,1,,,,
1.4,11:05,14:21,Seattle,0,,,,
1.4,11:18,14:13,Cancun,1,,,,
1.4,11:20,23:20,Liege,1,,,,
1.4,11:20,07:50,Dubai,1,,,,
1.4,11:28,14:21,Orlando,0,,,,
1.4,11:30,14:21,Orlando,0,,,,
1.4,11:30,13:04,Detroit,0,,,,
1.4,11:31,14:53,Los Angeles,0,,,,
1.4,11:45,15:29,Santo Domingo,1,,,,
1.4,11:52,14:00,Charlotte,0,,,,
1.4,11:55,13:40,Raleigh/Durham,0,,,,
1.4,11:56,15:44,Santiago,1,,,,
1.4,11:57,15:05,Miami,0,,,,
1.4,11:59,14:25,Atlanta,0,,,,
1.4,12:00,15:40,San Francisco,0,,,,
1.4,12:00,15:05,Fort Lauderdale,0,,,,
1.4,12:00,15:20,Los Angeles,0,,,,
1.4,12:00,15:27,Providenciales,1,,,,
1.4,12:00,15:08,Miami,0,,,,
1.4,12:00,13:58,Beijing,1,,,,
1.4,12:00,15:24,Los Angeles,0,,,,
1.4,12:10,13:23,Martha's Vineyard,0,,,,
1.4,12:18,15:17,Cancun,1,,,,
1.4,12:30,16:12,Santo Domingo,1,,,,
1.4,12:40,15:40,Halifax,1,,,,
1.4,13:00,05:20,Istanbul,1,,,,
1.4,13:00,16:39,Santo Domingo,1,,,,
1.4,13:05,15:13,Detroit,0,,,,
1.4,13:15,16:35,Tokyo,0,,,,
1.4,13:35,16:27,Orlando,0,,,,
1.4,13:35,16:20,Phoenix,0,,,,
1.4,13:45,17:29,San Juan,1,,,,
1.4,13:45,18:45,Bogota,1,,,,
1.4,13:50,17:45,Seoul,1,,,,
1.4,13:52,16:10,Charleston,0,,,,
1.4,13:55,17:20,Seoul,1,,,,
1.4,13:57,15:12,Burlington,0,,,,
1.4,14:00,16:29,Denver,0,,,,
1.4,14:00,17:04,Tampa,0,,,,
1.4,14:10,18:26,Saint Vincent,1,,,,
1.4,14:13,16:44,Jacksonville,0,,,,
1.4,14:25,18:02,Santiago,1,,,,
1.4,14:26,16:46,Savannah,0,,,,
1.4,14:30,17:46,Miami,0,,,,
1.4,14:30,22:00,Panama City,0,,,,
1.4,14:35,17:05,New Orleans,0,,,,
1.4,14:54,18:06,Fort Lauderdale,0,,,,
1.4,14:55,16:42,Raleigh/Durham,0,,,,
1.4,14:55,16:30,Washington,0,,,,
1.4,14:55,16:30,Buffalo,0,,,,
1.4,14:55,16:23,Rochester,0,,,,
1.4,14:57,19:58,Antigua,1,,,,
1.4,15:00,16:15,Syracuse,0,,,,
1.4,15:00,16:54,Chicago,0,,,,
1.4,15:05,17:26,Minneapolis,0,,,,
1.4,15:10,18:17,Sarasota,0,,,,
1.4,15:25,18:43,Miami,0,,,,
1.4,15:29,18:33,West Palm Beach,0,,,,
1.4,15:35,18:34,Orlando,0,,,,
1.4,15:35,18:47,Fort Lauderdale,0,,,,
1.4,15:40,18:42,Orlando,0,,,,
1.4,15:45,18:21,Atlanta,0,,,,
1.4,15:45,05:45,Frankfurt,1,,,,
1.4,15:47,18:59,Fort Myers,0,,,,
1.4,15:55,18:59,Las Vegas,0,,,,
1.4,15:59,18:50,New Orleans,0,,,,
1.4,15:59,19:54,San Juan,1,,,,
1.4,16:00,18:37,Jacksonville,0,,,,
1.4,16:00,17:30,Hudson,1,,,,
1.4,16:05,19:27,Fort Myers,0,,,,
1.4,16:05,19:25,Mexico City,1,,,,
1.4,16:10,19:35,Los Angeles,0,,,,
1.4,16:18,19:40,Miami,0,,,,
1.4,16:20,20:10,Mexico City,1,,,,
1.4,16:25,19:25,Shanghai,1,,,,
1.4,16:30,20:17,Santo Domingo,1,,,,
1.4,16:30,20:09,Santiago,1,,,,
1.4,16:30,19:31,Tampa,0,,,,
1.4,16:30,19:29,Beijing,1,,,,
1.4,16:33,19:44,Miami,0,,,,
1.4,16:39,19:39,Orlando,0,,,,
1.4,16:40,20:15,Los Angeles,0,,,,
1.4,16:41,20:16,Salt Lake City,0,,,,
1.4,16:41,19:17,Atlanta,0,,,,
1.4,16:45,18:03,Boston,0,,,,
1.4,16:59,20:57,San Francisco,0,,,,
1.4,17:10,20:47,San Francisco,0,,,,
1.4,17:10,19:01,Chicago,0,,,,
1.4,17:15,20:40,Los Angeles,0,,,,
1.4,17:15,04:50,Dublin,1,,,,
1.4,17:15,22:55,Georgetown,0,,,,
1.4,17:20,20:41,Seattle,0,,,,
1.4,17:20,06:50,Amsterdam,1,,,,
1.4,17:30,19:44,Detroit,0,,,,
1.4,17:30,20:55,Austin,0,,,,
1.4,17:31,19:46,Charlotte,0,,,,
1.4,17:45,20:54,Fort Lauderdale,0,,,,
1.4,17:45,06:55,Paris,1,,,,
1.4,17:54,21:03,Fort Lauderdale,0,,,,
1.4,17:55,21:37,San Francisco,0,,,,
1.4,17:55,21:35,Seoul,1,,,,
1.4,18:00,21:49,San Francisco,0,,,,
1.4,18:00,21:45,Mexico City,1,,,,
1.4,18:15,22:40,Anchorage,0,,,,
1.4,18:15,21:15,Tokyo,0,,,,
1.4,18:20,06:20,London,1,,,,
1.4,18:24,21:58,Salt Lake City,0,,,,
1.4,18:30,08:00,Paris,1,,,,
1.4,18:30,21:44,Portland,0,,,,
1.4,18:30,19:51,Boston,0,,,,
1.4,18:30,11:00,Cairo,1,,,,
1.4,18:30,21:51,Los Angeles,0,,,,
1.4,18:30,07:45,Amsterdam,1,,,,
1.4,18:45,22:35,San Francisco,0,,,,
1.4,18:45,21:35,Las Vegas,0,,,,
1.4,18:45,21:15,Atlanta,0,,,,
1.4,18:51,21:39,Phoenix,0,,,,
1.4,18:55,22:46,San Juan,1,,,,
1.4,18:55,21:24,Savannah,0,,,,
1.4,18:59,22:51,San Juan,1,,,,
1.4,18:59,22:54,Santo Domingo,1,,,,
1.4,18:59,22:08,San Salvador,1,,,,
1.4,19:00,22:29,Los Angeles,0,,,,
1.4,19:00,22:34,Los Angeles,0,,,,
1.4,19:00,07:10,London,1,,,,
1.4,19:00,20:13,Rockford,0,,,,
1.4,19:00,09:28,Warsaw,1,,,,
1.4,19:10,22:38,Los Angeles,0,,,,
1.4,19:15,21:37,Lakeland,0,,,,
1.4,19:25,23:29,San Francisco,0,,,,
1.4,19:29,22:51,Miami,0,,,,
1.4,19:30,09:10,Paris,1,,,,
1.4,19:30,22:24,Orlando,0,,,,
1.4,19:30,13:00,Tel Aviv-Yafo,1,,,,
1.4,19:30,07:10,Dakar,1,,,,
1.4,19:30,08:35,Zurich,1,,,,
1.4,19:40,21:20,Washington,0,,,,
1.4,19:45,10:35,Rome,0,,,,
1.4,19:45,22:46,Albuquerque,0,,,,
1.4,19:45,21:44,Raleigh/Durham,0,,,,
1.4,19:45,23:48,Santiago,1,,,,
1.4,19:50,22:34,Phoenix,0,,,,
1.4,19:55,10:45,Belgrade,0,,,,
1.4,19:59,23:22,Fort Lauderdale,0,,,,
1.4,19:59,22:30,Charleston,0,,,,
1.4,19:59,21:30,Burlington,0,,,,
1.4,19:59,22:46,Jacksonville,0,,,,
1.4,19:59,23:17,Miami,0,,,,
1.4,19:59,23:08,Las Vegas,0,,,,
1.4,19:59,21:34,Rochester,0,,,,
1.4,20:00,08:10,London,1,,,,
1.4,20:00,23:46,Santiago,1,,,,
1.4,20:10,23:10,Orlando,0,,,,
1.4,20:10,08:20,London,1,,,,
1.4,20:15,22:19,Atlanta,0,,,,
1.4,20:20,09:15,Luxembourg,1,,,,
1.4,20:30,01:24,Bogota,1,,,,
1.4,20:30,09:45,Paris,1,,,,
1.4,20:30,10:15,Paris,1,,,,
1.4,20:30,08:11,London,1,,,,
1.4,20:35,00:26,Santo Domingo,1,,,,
1.4,20:40,08:30,Casablanca,1,,,,
1.4,20:55,00:18,Los Angeles,0,,,,
1.4,20:55,16:25,Doha,1,,,,
1.4,20:59,22:36,Buffalo,0,,,,
1.4,20:59,22:18,Syracuse,0,,,,
1.4,21:00,22:16,Boston,0,,,,
1.4,21:00,22:31,Buffalo,0,,,,
1.4,21:00,22:18,Syracuse,0,,,,
1.4,21:05,17:50,Abu Dhabi,1,,,,
1.4,21:05,10:55,Zurich,1,,,,
1.4,21:29,22:49,Boston,0,,,,
1.4,21:35,09:40,London,1,,,,
1.4,21:55,23:20,Memphis,0,,,,
1.4,22:00,09:37,London,1,,,,
1.4,22:00,11:20,Amsterdam,1,,,,
1.4,22:00,23:45,Toronto,1,,,,
1.4,22:30,05:20,Singapore,1,,,,
1.4,22:30,02:09,Santiago,1,,,,
1.4,22:30,00:27,Phoenix,0,,,,
1.4,22:35,11:23,Frankfurt,1,,,,
1.4,22:35,12:05,Frankfurt,1,,,,
1.4,22:37,23:55,Rockford,0,,,,
1.4,22:43,00:18,Memphis,0,,,,
1.4,22:45,12:30,Brussels,1,,,,
1.4,22:47,01:42,Indianapolis,0,,,,
1.4,22:50,00:52,Louisville,0,,,,
1.4,23:00,19:45,Dubai,1,,,,
1.4,23:00,02:41,Santo Domingo,1,,,,
1.4,23:00,09:15,Sao Paulo,1,,,,
1.4,23:05,23:55,Philadelphia,0,,,,
1.4,23:10,00:51,Cincinnati,0,,,,
1.4,23:20,06:05,Lima,1,,,,
1.4,23:30,00:43,Hamilton,1,,,,
1.4,23:47,17:35,Tel Aviv-Yafo,1,,,,
1.4,23:55,13:50,Accra,1,,,,
1.4,23:59,03:41,Aguadilla,0,,,,
2.4,22:47,01:42,Indianapolis,0,,,,
2.4,23:47,17:35,Tel Aviv-Yafo,1,,,,
2.4,23:55,13:50,Accra,1,,,,
2.4,23:59,03:41,Aguadilla,0,,,,
2.4,23:59,03:41,San Juan,1,,,,
2.4,01:00,20:30,Doha,1,,,,
2.4,01:25,05:15,Taipei,1,,,,
2.4,01:48,05:09,Guadalajara,1,,,,
2.4,02:10,07:00,Bogota,1,,,,
2.4,02:12,06:41,Panama City,0,,,,
2.4,04:10,07:05,San Salvador,1,,,,
2.4,04:35,18:15,Milan,1,,,,
2.4,04:45,16:41,Brandon,1,,,,
2.4,04:50,20:35,Cairo,1,,,,
2.4,05:01,08:29,Santiago,1,,,,
2.4,05:01,08:38,Santo Domingo,1,,,,
2.4,05:05,08:12,Miami,0,,,,
2.4,05:35,08:36,Fort Lauderdale,0,,,,
2.4,05:55,09:27,Santiago,1,,,,
2.4,06:00,09:21,Los Angeles,0,,,,
2.4,06:00,08:33,Atlanta,0,,,,
2.4,06:00,09:00,Cancun,1,,,,
2.4,06:00,09:47,San Juan,1,,,,
2.4,08:40,13:20,Anchorage,0,,,,
2.4,06:01,09:46,Port Au Prince,1,,,,
2.4,06:01,08:50,Kingston,1,,,,
2.4,06:20,18:25,Leicestershire,1,,,,
2.4,06:29,07:59,Cincinnati,0,,,,
2.4,06:30,09:30,Miami,0,,,,
2.4,06:45,07:54,Boston,0,,,,
2.4,06:50,10:39,Saint Thomas,0,,,,
2.4,06:55,10:33,Salt Lake City,0,,,,
2.4,06:59,10:24,Los Angeles,0,,,,
2.4,07:00,10:04,Fort Lauderdale,0,,,,
2.4,07:00,12:40,Georgetown,0,,,,
2.4,07:00,12:51,Georgetown,0,,,,
2.4,07:00,10:17,Fort Myers,0,,,,
2.4,07:05,10:08,Tampa,0,,,,
2.4,07:10,10:18,Miami,0,,,,
2.4,07:10,09:43,Jacksonville,0,,,,
2.4,07:10,10:17,Fort Lauderdale,0,,,,
2.4,07:10,10:33,Seattle,0,,,,
2.4,07:15,09:33,Minneapolis,0,,,,
2.4,07:15,20:15,Liege,1,,,,
2.4,07:19,10:13,Orlando,0,,,,
2.4,07:20,10:34,Los Angeles,0,,,,
2.4,07:25,10:34,Fort Myers,0,,,,
2.4,07:30,11:08,San Francisco,0,,,,
2.4,07:30,11:55,Aruba,1,,,,
2.4,07:30,10:50,Austin,0,,,,
2.4,07:41,10:50,Cancun,1,,,,
2.4,07:45,11:13,San Diego,0,,,,
2.4,07:46,12:30,Aruba,1,,,,
2.4,07:50,10:30,Denver,0,,,,
2.4,07:53,11:38,Punta Cana,1,,,,
2.4,07:59,11:08,Miami,0,,,,
2.4,07:59,09:53,Fort Worth,0,,,,
2.4,07:59,11:56,San Francisco,0,,,,
2.4,07:59,11:38,San Francisco,0,,,,
2.4,08:00,11:43,Santo Domingo,1,,,,
2.4,08:00,09:43,Raleigh/Durham,0,,,,
2.4,08:00,11:05,Bermuda,1,,,,
2.4,08:00,11:50,Santiago,1,,,,
2.4,08:00,11:58,Saint Thomas,0,,,,
2.4,08:00,11:28,Los Angeles,0,,,,
2.4,08:00,11:23,Los Angeles,0,,,,
2.4,08:00,11:07,Fort Lauderdale,0,,,,
2.4,08:00,10:35,Jacksonville,0,,,,
2.4,08:01,11:09,San Diego,0,,,,
2.4,08:05,11:57,San Juan,1,,,,
2.4,08:05,10:59,Montego Bay,1,,,,
2.4,08:05,11:11,Dallas,0,,,,
2.4,08:10,12:16,Punta Cana,1,,,,
2.4,08:15,22:07,Leipzig/Halle,1,,,,
2.4,08:15,19:44,London,1,,,,
2.4,08:20,12:18,Punta Cana,1,,,,
2.4,08:20,10:59,Atlanta,0,,,,
2.4,08:20,11:47,San Jose,0,,,,
2.4,08:25,11:10,New Orleans,0,,,,
2.4,08:30,12:28,Saint Thomas,0,,,,
2.4,08:30,11:29,Tampa,0,,,,
2.4,08:30,11:49,Austin,0,,,,
2.4,08:30,12:22,Santo Domingo,1,,,,
2.4,08:30,11:38,Montego Bay,1,,,,
2.4,08:30,11:30,Orlando,0,,,,
2.4,08:30,09:57,Memphis,0,,,,
2.4,08:35,11:40,Las Vegas,0,,,,
2.4,08:36,11:45,Bermuda,1,,,,
2.4,08:40,11:44,Sarasota,0,,,,
2.4,08:42,12:30,Providenciales,1,,,,
2.4,08:45,12:55,Sint Maarten,1,,,,
2.4,08:55,10:59,Louisville,0,,,,
2.4,09:00,10:45,Chicago,0,,,,
2.4,09:00,13:15,Antigua,1,,,,
2.4,09:00,13:31,Saint Lucia,1,,,,
2.4,09:00,12:23,Seattle,0,,,,
2.4,09:00,11:12,Charleston,0,,,,
2.4,09:00,12:01,West Palm Beach,0,,,,
2.4,09:00,12:56,San Juan,1,,,,
2.4,09:00,11:50,Kingston,1,,,,
2.4,09:05,12:30,Los Angeles,0,,,,
2.4,09:05,11:01,Detroit,0,,,,
2.4,09:07,12:15,Cancun,1,,,,
2.4,09:10,10:57,Raleigh/Durham,0,,,,
2.4,09:10,10:39,Memphis,0,,,,
2.4,09:10,12:10,Montego Bay,1,,,,
2.4,09:15,10:58,Chicago,0,,,,
2.4,09:15,12:45,Seoul,1,,,,
2.4,09:20,12:02,Phoenix,0,,,,
2.4,09:29,12:50,Nassau,0,,,,
2.4,09:30,10:42,Boston,0,,,,
2.4,09:30,12:30,Fort Lauderdale,0,,,,
2.4,09:35,12:52,San Jose Cabo,1,,,,
2.4,09:35,12:58,Seattle,0,,,,
2.4,09:37,11:50,Detroit,0,,,,
2.4,09:40,13:01,Salt Lake City,0,,,,
2.4,09:42,12:05,Charleston,0,,,,
2.4,09:45,12:22,Atlanta,0,,,,
2.4,09:45,12:34,Las Vegas,0,,,,
2.4,09:45,11:15,Buffalo,0,,,,
2.4,09:49,13:27,Santiago,1,,,,
2.4,09:50,11:04,Syracuse,0,,,,
2.4,09:55,11:22,Rochester,0,,,,
2.4,09:59,13:25,Key West,0,,,,
2.4,10:00,11:25,Charlottesville,0,,,,
2.4,10:00,13:55,Hong Kong,1,,,,
2.4,10:00,13:20,Cancun,1,,,,
2.4,10:00,15:40,Guayaquil,1,,,,
2.4,10:15,13:18,Houston,0,,,,
2.4,10:17,14:46,Panama City,0,,,,
2.4,10:18,14:50,Aruba,1,,,,
2.4,10:18,13:20,Cancun,1,,,,
2.4,10:25,13:54,Salt Lake City,0,,,,
2.4,10:30,13:32,Tampa,0,,,,
2.4,10:30,11:54,Charlottesville,0,,,,
2.4,10:30,13:11,Vail,0,,,,
2.4,10:30,12:51,Savannah,0,,,,
2.4,10:30,13:36,Miami,0,,,,
2.4,10:32,13:27,West Palm Beach,0,,,,
2.4,10:41,11:57,Rochester,0,,,,
2.4,10:45,14:05,Anchorage,0,,,,
2.4,10:45,14:26,Santiago,1,,,,
2.4,11:00,14:18,Los Angeles,0,,,,
2.4,11:00,14:03,Fort Lauderdale,0,,,,
2.4,11:05,14:35,Mexico City,1,,,,
2.4,11:05,14:21,Seattle,0,,,,
2.4,11:18,14:13,Cancun,1,,,,
2.4,11:20,07:50,Dubai,1,,,,
2.4,11:28,14:21,Orlando,0,,,,
2.4,11:30,15:03,Puerto Plata,1,,,,
2.4,11:30,14:21,Orlando,0,,,,
2.4,11:31,14:53,Los Angeles,0,,,,
2.4,11:40,12:33,Philadelphia,0,,,,
2.4,11:41,13:49,Charlotte,0,,,,
2.4,11:45,15:29,Santo Domingo,1,,,,
2.4,11:55,13:40,Raleigh/Durham,0,,,,
2.4,11:56,15:44,Santiago,1,,,,
2.4,11:57,15:05,Miami,0,,,,
2.4,11:59,14:25,Atlanta,0,,,,
2.4,12:00,15:20,Los Angeles,0,,,,
2.4,12:00,15:40,San Francisco,0,,,,
2.4,12:00,15:05,Fort Lauderdale,0,,,,
2.4,12:00,15:08,Miami,0,,,,
2.4,12:10,13:23,Martha's Vineyard,0,,,,
2.4,12:18,15:17,Cancun,1,,,,
2.4,12:25,14:21,Houston,0,,,,
2.4,12:30,12:00,Delhi,1,,,,
2.4,12:30,16:12,Santo Domingo,1,,,,
2.4,12:55,15:25,Halifax,1,,,,
2.4,13:00,05:20,Istanbul,1,,,,
2.4,13:00,14:40,Beijing,1,,,,
2.4,13:00,16:39,Santo Domingo,1,,,,
2.4,13:05,15:13,Detroit,0,,,,
2.4,13:15,16:35,Tokyo,0,,,,
2.4,13:30,16:33,Miami,0,,,,
2.4,13:30,15:10,Tel Aviv-Yafo,1,,,,
2.4,13:35,16:27,Orlando,0,,,,
2.4,13:45,17:29,San Juan,1,,,,
2.4,13:45,18:45,Bogota,1,,,,
2.4,13:52,16:10,Charleston,0,,,,
2.4,13:55,17:20,Seoul,1,,,,
2.4,14:00,17:19,Los Angeles,0,,,,
2.4,14:00,16:29,Denver,0,,,,
2.4,14:13,16:44,Jacksonville,0,,,,
2.4,14:25,18:02,Santiago,1,,,,
2.4,14:26,16:46,Savannah,0,,,,
2.4,14:35,17:05,New Orleans,0,,,,
2.4,14:54,18:06,Fort Lauderdale,0,,,,
2.4,14:55,16:30,Washington,0,,,,
2.4,14:55,16:30,Buffalo,0,,,,
2.4,14:55,16:23,Rochester,0,,,,
2.4,14:55,16:42,Raleigh/Durham,0,,,,
2.4,15:00,16:15,Syracuse,0,,,,
2.4,15:05,17:26,Minneapolis,0,,,,
2.4,15:10,18:17,Sarasota,0,,,,
2.4,15:15,17:29,Charleston,0,,,,
2.4,15:25,18:43,Miami,0,,,,
2.4,15:29,18:33,West Palm Beach,0,,,,
2.4,15:31,21:18,Guayaquil,1,,,,
2.4,15:35,18:47,Fort Lauderdale,0,,,,
2.4,15:35,18:34,Orlando,0,,,,
2.4,15:40,18:42,Orlando,0,,,,
2.4,15:45,18:49,Tampa,0,,,,
2.4,15:45,18:22,Atlanta,0,,,,
2.4,15:45,05:45,Frankfurt,1,,,,
2.4,15:47,18:59,Fort Myers,0,,,,
2.4,15:50,21:27,Georgetown,0,,,,
2.4,15:55,18:59,Las Vegas,0,,,,
2.4,15:59,19:54,San Juan,1,,,,
2.4,15:59,18:50,New Orleans,0,,,,
2.4,16:00,18:37,Jacksonville,0,,,,
2.4,16:00,17:14,Philadelphia,0,,,,
2.4,16:00,19:55,Seoul,1,,,,
2.4,16:05,19:27,Fort Myers,0,,,,
2.4,16:10,19:35,Los Angeles,0,,,,
2.4,16:20,20:10,Mexico City,1,,,,
2.4,16:30,19:31,Tampa,0,,,,
2.4,16:30,19:17,Beijing,1,,,,
2.4,16:30,20:09,Santiago,1,,,,
2.4,16:30,20:17,Santo Domingo,1,,,,
2.4,16:33,19:44,Miami,0,,,,
2.4,16:39,19:39,Orlando,0,,,,
2.4,16:40,20:15,Los Angeles,0,,,,
2.4,16:41,19:17,Atlanta,0,,,,
2.4,16:41,20:16,Salt Lake City,0,,,,
2.4,16:45,18:03,Boston,0,,,,
2.4,16:55,20:20,Tokyo,0,,,,
2.4,16:55,20:19,Tokyo,0,,,,
2.4,16:59,20:57,San Francisco,0,,,,
2.4,17:00,20:20,Miami,0,,,,
2.4,17:00,07:35,Rome,0,,,,
2.4,17:00,20:30,Los Angeles,0,,,,
2.4,17:00,20:31,Sacramento,0,,,,
2.4,17:09,19:57,Sarasota,0,,,,
2.4,17:10,19:01,Chicago,0,,,,
2.4,17:10,20:47,San Francisco,0,,,,
2.4,17:15,20:40,Los Angeles,0,,,,
2.4,17:15,04:50,Dublin,1,,,,
2.4,17:20,20:41,Seattle,0,,,,
2.4,17:20,06:50,Amsterdam,1,,,,
2.4,17:30,21:19,San Francisco,0,,,,
2.4,17:30,19:45,Charlotte,0,,,,
2.4,17:30,19:44,Detroit,0,,,,
2.4,17:30,20:55,Austin,0,,,,
2.4,17:35,07:45,Milan,1,,,,
2.4,17:35,06:55,Paris,1,,,,
2.4,17:45,18:27,Teterboro,0,,,,
2.4,17:45,20:54,Fort Lauderdale,0,,,,
2.4,17:45,21:04,Seoul,1,,,,
2.4,17:54,20:45,Phoenix,0,,,,
2.4,17:54,21:03,Fort Lauderdale,0,,,,
2.4,17:55,21:37,San Francisco,0,,,,
2.4,17:55,21:17,San Jose,0,,,,
2.4,17:59,21:08,Palm Springs,0,,,,
2.4,18:00,21:45,Mexico City,1,,,,
2.4,18:00,07:10,Madrid,1,,,,
2.4,18:00,21:14,Fort Lauderdale,0,,,,
2.4,18:00,21:32,Los Angeles,0,,,,
2.4,18:10,06:20,London,1,,,,
2.4,18:15,21:15,Tokyo,0,,,,
2.4,18:24,21:58,Salt Lake City,0,,,,
2.4,18:30,19:51,Boston,0,,,,
2.4,18:30,06:30,London,1,,,,
2.4,18:30,21:48,Miami,0,,,,
2.4,18:30,07:45,Amsterdam,1,,,,
2.4,18:30,21:44,Portland,0,,,,
2.4,18:30,08:00,Paris,1,,,,
2.4,18:30,11:00,Cairo,1,,,,
2.4,18:45,21:15,Atlanta,0,,,,
2.4,18:45,22:35,San Francisco,0,,,,
2.4,18:51,21:39,Phoenix,0,,,,
2.4,18:54,22:05,Fort Lauderdale,0,,,,
2.4,18:55,21:24,Savannah,0,,,,
2.4,18:55,22:46,San Juan,1,,,,
2.4,18:59,22:54,Santo Domingo,1,,,,
2.4,18:59,22:51,San Juan,1,,,,
2.4,18:59,22:08,San Salvador,1,,,,
2.4,19:00,07:10,London,1,,,,
2.4,19:00,22:29,Los Angeles,0,,,,
2.4,19:00,22:34,Los Angeles,0,,,,
2.4,19:10,22:38,Los Angeles,0,,,,
2.4,19:10,09:05,Milan,1,,,,
2.4,19:15,21:20,Lakeland,0,,,,
2.4,19:20,11:45,Moscow,1,,,,
2.4,19:20,22:39,Austin,0,,,,
2.4,19:25,20:20,Rockford,0,,,,
2.4,19:25,23:29,San Francisco,0,,,,
2.4,19:29,22:51,Miami,0,,,,
2.4,19:30,07:10,Dakar,1,,,,
2.4,19:30,09:10,Paris,1,,,,
2.4,19:30,22:24,Orlando,0,,,,
2.4,19:33,09:15,Madrid,1,,,,
2.4,19:40,21:20,Washington,0,,,,
2.4,19:45,21:44,Raleigh/Durham,0,,,,
2.4,19:45,23:48,Santiago,1,,,,
2.4,19:50,22:34,Phoenix,0,,,,
2.4,19:59,21:30,Burlington,0,,,,
2.4,19:59,23:17,Miami,0,,,,
2.4,19:59,22:30,Charleston,0,,,,
2.4,19:59,23:22,Fort Lauderdale,0,,,,
2.4,19:59,21:34,Rochester,0,,,,
2.4,19:59,23:08,Las Vegas,0,,,,
2.4,19:59,22:46,Jacksonville,0,,,,
2.4,20:00,08:10,London,1,,,,
2.4,20:00,23:46,Santiago,1,,,,
2.4,20:10,23:10,Orlando,0,,,,
2.4,20:10,08:20,London,1,,,,
2.4,20:30,01:24,Bogota,1,,,,
2.4,20:30,10:15,Paris,1,,,,
2.4,20:30,09:45,Paris,1,,,,
2.4,20:35,00:26,Santo Domingo,1,,,,
2.4,20:55,00:18,Los Angeles,0,,,,
2.4,20:55,16:25,Doha,1,,,,
2.4,20:59,22:36,Buffalo,0,,,,
2.4,20:59,22:18,Syracuse,0,,,,
2.4,21:00,22:18,Syracuse,0,,,,
2.4,21:00,22:16,Boston,0,,,,
2.4,21:00,22:31,Buffalo,0,,,,
2.4,21:05,10:55,Zurich,1,,,,
2.4,21:05,17:50,Abu Dhabi,1,,,,
2.4,21:10,10:30,Madrid,1,,,,
2.4,21:29,22:49,Boston,0,,,,
2.4,21:35,09:40,London,1,,,,
2.4,21:40,15:20,Amman,1,,,,
2.4,21:42,09:15,Dublin,1,,,,
2.4,21:55,09:50,Buenos Aires,1,,,,
2.4,22:00,09:24,London,1,,,,
2.4,22:00,22:42,Westchester County,0,,,,
2.4,22:00,10:05,London,1,,,,
2.4,22:00,11:20,Amsterdam,1,,,,
2.4,22:15,12:45,Warsaw,1,,,,
2.4,22:15,10:30,London,1,,,,
2.4,22:25,09:15,Sao Paulo,1,,,,
2.4,22:30,00:03,Phoenix,0,,,,
2.4,22:30,02:09,Santiago,1,,,,
2.4,22:30,05:20,Singapore,1,,,,
2.4,22:32,00:00,Memphis,0,,,,
2.4,22:35,12:05,Frankfurt,1,,,,
2.4,22:35,11:20,Frankfurt,1,,,,
2.4,22:46,09:40,Sao Paulo,1,,,,
2.4,22:50,00:52,Louisville,0,,,,
2.4,23:00,19:45,Dubai,1,,,,
2.4,23:00,02:41,Santo Domingo,1,,,,
2.4,23:20,06:05,Lima,1,,,,
2.4,23:20,16:00,Istanbul,1,,,,
2.4,23:30,01:28,Hamilton,1,,,,
2.4,23:40,01:03,Cincinnati,0,,,,
2.4,23:50,14:40,Helsinki,1,,,,
2.4,00:00,00:50,Chicago,0,,,,
3.4,12:55,15:25,Halifax,1,,,,
3.4,23:30,01:28,Hamilton,1,,,,
3.4,23:55,13:50,Accra,1,,,,
3.4,23:59,03:41,Aguadilla,0,,,,
3.4,23:59,03:41,San Juan,1,,,,
3.4,00:00,00:50,Chicago,0,,,,
3.4,00:10,01:55,Chicago,0,,,,
3.4,01:00,20:30,Doha,1,,,,
3.4,01:05,04:26,Anchorage,0,,,,
3.4,01:25,05:15,Taipei,1,,,,
3.4,01:48,05:16,Guadalajara,1,,,,
3.4,02:12,06:41,Panama City,0,,,,
3.4,02:30,15:20,Brussels,1,,,,
3.4,03:00,21:10,Istanbul,1,,,,
3.4,04:00,08:30,Anchorage,0,,,,
3.4,04:10,07:05,San Salvador,1,,,,
3.4,04:15,07:07,Anchorage,0,,,,
3.4,04:35,18:15,Milan,1,,,,
3.4,05:01,08:38,Santo Domingo,1,,,,
3.4,05:01,08:29,Santiago,1,,,,
3.4,05:05,08:12,Miami,0,,,,
3.4,05:35,08:36,Fort Lauderdale,0,,,,
3.4,05:40,08:35,San Salvador,1,,,,
3.4,05:45,09:31,San Juan,1,,,,
3.4,05:55,09:27,Santiago,1,,,,
3.4,06:00,08:48,Phoenix,0,,,,
3.4,06:00,08:33,Atlanta,0,,,,
3.4,06:00,09:21,Los Angeles,0,,,,
3.4,06:00,09:00,Cancun,1,,,,
3.4,06:00,08:05,Charlotte,0,,,,
3.4,08:40,13:20,Anchorage,0,,,,
3.4,06:01,08:50,Kingston,1,,,,
3.4,06:01,09:46,Port Au Prince,1,,,,
3.4,06:14,08:03,Cincinnati,0,,,,
3.4,06:30,09:30,Miami,0,,,,
3.4,06:33,09:27,Jackson,0,,,,
3.4,06:45,07:54,Boston,0,,,,
3.4,06:45,10:34,Saint Thomas,0,,,,
3.4,06:55,10:33,Salt Lake City,0,,,,
3.4,07:00,12:51,Georgetown,0,,,,
3.4,07:00,10:17,Fort Myers,0,,,,
3.4,07:00,10:04,Fort Lauderdale,0,,,,
3.4,07:00,08:17,Boston,0,,,,
3.4,07:05,10:08,Tampa,0,,,,
3.4,07:10,10:33,Seattle,0,,,,
3.4,07:10,09:43,Jacksonville,0,,,,
3.4,07:10,10:04,Orlando,0,,,,
3.4,07:10,10:17,Fort Lauderdale,0,,,,
3.4,07:10,10:18,Miami,0,,,,
3.4,07:15,09:33,Minneapolis,0,,,,
3.4,07:25,10:34,Fort Myers,0,,,,
3.4,07:30,10:50,Austin,0,,,,
3.4,07:30,11:55,Aruba,1,,,,
3.4,07:30,11:08,San Francisco,0,,,,
3.4,07:38,10:53,Liberia,1,,,,
3.4,07:41,10:50,Cancun,1,,,,
3.4,07:44,10:04,Fort Worth,0,,,,
3.4,07:45,11:13,San Diego,0,,,,
3.4,07:46,12:30,Aruba,1,,,,
3.4,07:50,10:30,Denver,0,,,,
3.4,07:53,11:38,Punta Cana,1,,,,
3.4,07:59,11:56,San Francisco,0,,,,
3.4,07:59,11:08,Miami,0,,,,
3.4,08:00,11:43,Santo Domingo,1,,,,
3.4,08:00,11:07,Fort Lauderdale,0,,,,
3.4,08:00,11:28,Los Angeles,0,,,,
3.4,08:00,11:23,Los Angeles,0,,,,
3.4,08:00,10:35,Jacksonville,0,,,,
3.4,08:00,11:58,Saint Thomas,0,,,,
3.4,08:00,11:58,Sint Maarten,1,,,,
3.4,08:00,11:50,Santiago,1,,,,
3.4,08:00,12:38,St. George's,1,,,,
3.4,08:00,10:42,Orlando,0,,,,
3.4,08:00,11:09,Miami,0,,,,
3.4,08:00,11:23,Liberia,1,,,,
3.4,08:05,11:11,Dallas,0,,,,
3.4,08:05,11:57,San Juan,1,,,,
3.4,08:05,11:13,San Diego,0,,,,
3.4,08:10,12:16,Punta Cana,1,,,,
3.4,08:15,11:35,Los Angeles,0,,,,
3.4,08:15,19:38,London,1,,,,
3.4,08:20,10:59,Atlanta,0,,,,
3.4,08:20,12:00,Anchorage,0,,,,
3.4,08:20,12:18,Punta Cana,1,,,,
3.4,08:25,11:10,New Orleans,0,,,,
3.4,08:25,09:49,Memphis,0,,,,
3.4,08:29,12:33,Antigua,1,,,,
3.4,08:29,11:28,Tampa,0,,,,
3.4,08:30,09:30,Westchester County,0,,,,
3.4,08:30,11:30,Orlando,0,,,,
3.4,08:30,11:38,Montego Bay,1,,,,
3.4,08:30,12:22,Santo Domingo,1,,,,
3.4,08:30,12:28,Saint Thomas,0,,,,
3.4,08:35,11:40,Las Vegas,0,,,,
3.4,08:35,13:10,Antigua,1,,,,
3.4,08:42,12:30,Providenciales,1,,,,
3.4,08:45,12:55,Sint Maarten,1,,,,
3.4,08:50,13:35,Bridgetown,1,,,,
3.4,08:55,10:45,Chicago,0,,,,
3.4,08:59,12:10,Cancun,1,,,,
3.4,08:59,12:55,San Juan,1,,,,
3.4,09:00,10:26,Memphis,0,,,,
3.4,09:00,11:12,Charleston,0,,,,
3.4,09:00,12:08,Los Angeles,0,,,,
3.4,09:00,12:01,West Palm Beach,0,,,,
3.4,09:00,13:45,Bogota,1,,,,
3.4,09:00,13:15,Antigua,1,,,,
3.4,09:00,12:41,San Francisco,0,,,,
3.4,09:00,13:31,Saint Lucia,1,,,,
3.4,09:00,12:04,Sarasota,0,,,,
3.4,09:05,11:01,Detroit,0,,,,
3.4,09:10,10:57,Raleigh/Durham,0,,,,
3.4,09:10,12:10,Montego Bay,1,,,,
3.4,09:14,12:43,Anchorage,0,,,,
3.4,09:15,10:58,Chicago,0,,,,
3.4,09:20,12:04,Phoenix,0,,,,
3.4,09:22,12:50,Mexico City,1,,,,
3.4,09:29,12:50,Nassau,0,,,,
3.4,09:30,10:42,Boston,0,,,,
3.4,09:30,12:30,Fort Lauderdale,0,,,,
3.4,09:35,12:55,Seattle,0,,,,
3.4,09:35,12:52,San Jose Cabo,1,,,,
3.4,09:37,11:50,Detroit,0,,,,
3.4,09:40,12:52,Fort Myers,0,,,,
3.4,09:40,13:01,Salt Lake City,0,,,,
3.4,09:42,12:05,Charleston,0,,,,
3.4,09:45,12:34,Las Vegas,0,,,,
3.4,09:45,11:16,Nashville,0,,,,
3.4,09:45,12:22,Atlanta,0,,,,
3.4,09:58,13:57,Cartagena,1,,,,
3.4,09:58,14:30,Aruba,1,,,,
3.4,09:59,13:25,Key West,0,,,,
3.4,10:00,15:25,Honolulu,0,,,,
3.4,10:00,12:37,Jacksonville,0,,,,
3.4,10:00,13:20,Cancun,1,,,,
3.4,10:00,14:35,Medellin,1,,,,
3.4,10:00,14:43,Bridgetown,1,,,,
3.4,10:17,14:46,Panama City,0,,,,
3.4,10:18,13:20,Cancun,1,,,,
3.4,10:25,13:54,Salt Lake City,0,,,,
3.4,10:30,13:32,Tampa,0,,,,
3.4,10:30,12:51,Savannah,0,,,,
3.4,10:30,13:21,Orlando,0,,,,
3.4,10:30,13:11,Vail,0,,,,
3.4,10:30,13:36,Miami,0,,,,
3.4,10:32,13:27,West Palm Beach,0,,,,
3.4,10:41,11:57,Rochester,0,,,,
3.4,10:45,14:26,Santiago,1,,,,
3.4,10:55,15:22,Curacao,1,,,,
3.4,11:00,14:03,Fort Lauderdale,0,,,,
3.4,11:00,14:18,Los Angeles,0,,,,
3.4,11:00,14:02,Nassau,0,,,,
3.4,11:05,14:35,Mexico City,1,,,,
3.4,11:06,15:34,Aruba,1,,,,
3.4,11:18,14:13,Cancun,1,,,,
3.4,11:20,07:50,Dubai,1,,,,
3.4,11:28,14:21,Orlando,0,,,,
3.4,11:30,14:21,Orlando,0,,,,
3.4,11:30,15:03,Puerto Plata,1,,,,
3.4,11:41,13:49,Charlotte,0,,,,
3.4,11:45,15:29,Santo Domingo,1,,,,
3.4,11:50,15:20,Seoul,1,,,,
3.4,11:56,15:44,Santiago,1,,,,
3.4,11:57,15:05,Miami,0,,,,
3.4,11:59,14:25,Atlanta,0,,,,
3.4,12:00,15:05,Fort Lauderdale,0,,,,
3.4,12:00,15:08,Miami,0,,,,
3.4,12:00,15:20,Los Angeles,0,,,,
3.4,12:10,13:23,Martha's Vineyard,0,,,,
3.4,12:20,15:14,Greensboro,0,,,,
3.4,12:30,13:51,Martha's Vineyard,0,,,,
3.4,12:30,13:48,Charlottesville,0,,,,
3.4,12:30,16:12,Santo Domingo,1,,,,
3.4,13:00,05:20,Istanbul,1,,,,
3.4,13:00,16:39,Santo Domingo,1,,,,
3.4,13:05,15:13,Detroit,0,,,,
3.4,13:15,16:35,Tokyo,0,,,,
3.4,13:30,16:33,Miami,0,,,,
3.4,13:35,16:27,Orlando,0,,,,
3.4,13:45,17:29,San Juan,1,,,,
3.4,13:45,18:45,Bogota,1,,,,
3.4,13:50,17:45,Seoul,1,,,,
3.4,13:52,16:10,Charleston,0,,,,
3.4,13:55,17:20,Seoul,1,,,,
3.4,14:00,06:05,Moscow,1,,,,
3.4,14:00,17:04,Tampa,0,,,,
3.4,14:00,17:19,Los Angeles,0,,,,
3.4,14:00,16:29,Denver,0,,,,
3.4,14:03,16:58,Montego Bay,1,,,,
3.4,14:13,16:44,Jacksonville,0,,,,
3.4,14:26,16:46,Savannah,0,,,,
3.4,14:30,18:14,San Francisco,0,,,,
3.4,14:30,18:07,Santiago,1,,,,
3.4,14:50,16:54,Cincinnati,0,,,,
3.4,14:54,18:06,Fort Lauderdale,0,,,,
3.4,14:55,16:42,Raleigh/Durham,0,,,,
3.4,14:55,16:30,Washington,0,,,,
3.4,14:55,16:30,Buffalo,0,,,,
3.4,14:55,16:23,Rochester,0,,,,
3.4,15:00,16:15,Syracuse,0,,,,
3.4,15:05,17:26,Minneapolis,0,,,,
3.4,15:21,18:22,Orlando,0,,,,
3.4,15:25,18:43,Miami,0,,,,
3.4,15:31,21:18,Guayaquil,1,,,,
3.4,15:35,18:47,Fort Lauderdale,0,,,,
3.4,15:35,03:40,Leicestershire,1,,,,
3.4,15:40,18:42,Orlando,0,,,,
3.4,15:45,18:21,Atlanta,0,,,,
3.4,15:45,05:45,Frankfurt,1,,,,
3.4,15:45,17:18,Bedford/Hanscom,0,,,,
3.4,15:45,18:35,Kingston,1,,,,
3.4,15:45,16:38,Bedford/Hanscom,0,,,,
3.4,15:47,18:59,Fort Myers,0,,,,
3.4,15:59,19:54,San Juan,1,,,,
3.4,15:59,18:50,New Orleans,0,,,,
3.4,16:00,18:20,Charleston,0,,,,
3.4,16:00,19:05,West Palm Beach,0,,,,
3.4,16:05,19:27,Fort Myers,0,,,,
3.4,16:05,19:25,Mexico City,1,,,,
3.4,16:10,19:35,Los Angeles,0,,,,
3.4,16:20,20:10,Mexico City,1,,,,
3.4,16:25,19:25,Shanghai,1,,,,
3.4,16:30,20:09,Santiago,1,,,,
3.4,16:30,17:13,New Bedford,0,,,,
3.4,16:30,18:25,Beijing,1,,,,
3.4,16:30,19:31,Tampa,0,,,,
3.4,16:30,19:12,Austin,0,,,,
3.4,16:30,20:17,Santo Domingo,1,,,,
3.4,16:33,19:44,Miami,0,,,,
3.4,16:39,19:39,Orlando,0,,,,
3.4,16:41,20:16,Salt Lake City,0,,,,
3.4,17:00,20:20,Miami,0,,,,
3.4,17:00,20:30,Los Angeles,0,,,,
3.4,17:10,20:47,San Francisco,0,,,,
3.4,17:10,19:01,Chicago,0,,,,
3.4,17:15,04:50,Dublin,1,,,,
3.4,17:15,20:40,Los Angeles,0,,,,
3.4,17:15,22:55,Georgetown,0,,,,
3.4,17:20,06:50,Amsterdam,1,,,,
3.4,17:20,20:41,Seattle,0,,,,
3.4,17:30,19:44,Detroit,0,,,,
3.4,17:30,20:55,Austin,0,,,,
3.4,17:30,19:45,Charlotte,0,,,,
3.4,17:35,06:55,Paris,1,,,,
3.4,17:45,20:54,Fort Lauderdale,0,,,,
3.4,17:54,21:03,Fort Lauderdale,0,,,,
3.4,17:54,20:45,Phoenix,0,,,,
3.4,17:55,05:20,Sao Paulo,1,,,,
3.4,17:55,21:37,San Francisco,0,,,,
3.4,18:00,21:14,Fort Lauderdale,0,,,,
3.4,18:00,21:32,Los Angeles,0,,,,
3.4,18:00,21:45,Mexico City,1,,,,
3.4,18:10,06:20,London,1,,,,
3.4,18:15,21:15,Tokyo,0,,,,
3.4,18:20,19:45,Chicago,0,,,,
3.4,18:25,08:20,Milan,1,,,,
3.4,18:30,08:00,Paris,1,,,,
3.4,18:30,19:51,Boston,0,,,,
3.4,18:30,06:30,London,1,,,,
3.4,18:30,07:45,Amsterdam,1,,,,
3.4,18:30,11:00,Cairo,1,,,,
3.4,18:30,21:48,Miami,0,,,,
3.4,18:35,22:06,Nagoya,1,,,,
3.4,18:45,22:35,San Francisco,0,,,,
3.4,18:45,21:35,Las Vegas,0,,,,
3.4,18:55,21:24,Savannah,0,,,,
3.4,18:55,22:46,San Juan,1,,,,
3.4,18:59,22:51,San Juan,1,,,,
3.4,18:59,22:54,Santo Domingo,1,,,,
3.4,18:59,22:08,San Salvador,1,,,,
3.4,19:00,22:29,Los Angeles,0,,,,
3.4,19:00,07:10,London,1,,,,
3.4,19:00,22:34,Los Angeles,0,,,,
3.4,19:00,21:19,Boca Raton,0,,,,
3.4,19:10,22:38,Los Angeles,0,,,,
3.4,19:15,21:30,Jacksonville,0,,,,
3.4,19:15,21:34,Lakeland,0,,,,
3.4,19:20,22:39,Austin,0,,,,
3.4,19:20,11:45,Moscow,1,,,,
3.4,19:25,23:29,San Francisco,0,,,,
3.4,19:25,20:26,Rockford,0,,,,
3.4,19:29,22:51,Miami,0,,,,
3.4,19:30,22:00,Halifax,1,,,,
3.4,19:30,22:24,Orlando,0,,,,
3.4,19:30,09:10,Paris,1,,,,
3.4,19:30,21:30,Toronto,1,,,,
3.4,19:30,07:10,Dakar,1,,,,
3.4,19:33,09:15,Madrid,1,,,,
3.4,19:40,21:20,Washington,0,,,,
3.4,19:45,21:44,Raleigh/Durham,0,,,,
3.4,19:45,23:48,Santiago,1,,,,
3.4,19:45,10:35,Rome,0,,,,
3.4,19:50,22:34,Phoenix,0,,,,
3.4,19:55,10:45,Belgrade,0,,,,
3.4,19:59,22:46,Jacksonville,0,,,,
3.4,19:59,23:08,Las Vegas,0,,,,
3.4,19:59,22:30,Charleston,0,,,,
3.4,19:59,21:34,Rochester,0,,,,
3.4,19:59,21:30,Burlington,0,,,,
3.4,19:59,23:17,Miami,0,,,,
3.4,19:59,23:22,Fort Lauderdale,0,,,,
3.4,20:00,23:46,Santiago,1,,,,
3.4,20:00,08:10,London,1,,,,
3.4,20:10,23:10,Orlando,0,,,,
3.4,20:10,08:20,London,1,,,,
3.4,20:30,10:15,Paris,1,,,,
3.4,20:30,08:35,London,1,,,,
3.4,20:30,01:24,Bogota,1,,,,
3.4,20:35,00:26,Santo Domingo,1,,,,
3.4,20:40,08:30,Casablanca,1,,,,
3.4,20:55,16:25,Doha,1,,,,
3.4,20:59,22:18,Syracuse,0,,,,
3.4,20:59,22:36,Buffalo,0,,,,
3.4,21:00,22:18,Syracuse,0,,,,
3.4,21:00,22:16,Boston,0,,,,
3.4,21:00,22:31,Buffalo,0,,,,
3.4,21:00,23:14,Atlanta,0,,,,
3.4,21:05,10:55,Zurich,1,,,,
3.4,21:05,17:50,Abu Dhabi,1,,,,
3.4,21:15,11:35,Lome,1,,,,
3.4,21:29,22:49,Boston,0,,,,
3.4,21:35,09:40,London,1,,,,
3.4,21:55,09:50,Buenos Aires,1,,,,
3.4,22:00,10:05,London,1,,,,
3.4,22:25,09:15,Sao Paulo,1,,,,
3.4,22:30,01:16,Phoenix,0,,,,
3.4,22:30,05:20,Singapore,1,,,,
3.4,22:30,02:09,Santiago,1,,,,
3.4,22:35,12:05,Frankfurt,1,,,,
3.4,22:45,12:30,Brussels,1,,,,
3.4,23:00,19:45,Dubai,1,,,,
3.4,23:00,02:41,Santo Domingo,1,,,,
3.4,23:00,00:26,Hamilton,1,,,,
3.4,23:20,16:00,Istanbul,1,,,,
3.4,23:47,17:35,Tel Aviv-Yafo,1,,,,
3.4,23:50,17:20,Tel Aviv-Yafo,1,,,,
3.4,23:50,14:40,Helsinki,1,,,,
4.4,20:10,23:10,Orlando,0,,,,
4.4,23:50,17:20,Tel Aviv-Yafo,1,,,,
4.4,23:55,13:50,Accra,1,,,,
4.4,23:59,03:41,San Juan,1,,,,
4.4,23:59,03:41,Aguadilla,0,,,,
4.4,00:40,02:25,Chicago,0,,,,
4.4,01:00,20:30,Doha,1,,,,
4.4,01:40,14:45,Luxembourg,1,,,,
4.4,02:12,06:41,Panama City,0,,,,
4.4,03:15,06:35,Seoul,1,,,,
4.4,03:30,15:30,Liege,1,,,,
4.4,03:45,06:37,Anchorage,0,,,,
4.4,04:10,07:05,San Salvador,1,,,,
4.4,05:01,08:38,Santo Domingo,1,,,,
4.4,05:01,08:29,Santiago,1,,,,
4.4,05:05,08:12,Miami,0,,,,
4.4,05:35,08:36,Fort Lauderdale,0,,,,
4.4,05:55,09:27,Santiago,1,,,,
4.4,06:00,08:33,Atlanta,0,,,,
4.4,06:00,08:05,Charlotte,0,,,,
4.4,06:00,08:48,Phoenix,0,,,,
4.4,06:00,09:00,Cancun,1,,,,
4.4,06:00,09:21,Los Angeles,0,,,,
4.4,06:00,09:47,San Juan,1,,,,
4.4,06:01,09:46,Port Au Prince,1,,,,
4.4,06:01,08:50,Kingston,1,,,,
4.4,06:30,09:30,Miami,0,,,,
4.4,06:45,07:54,Boston,0,,,,
4.4,06:50,10:39,Saint Thomas,0,,,,
4.4,06:55,19:10,Luxembourg,1,,,,
4.4,06:55,10:33,Salt Lake City,0,,,,
4.4,07:00,12:51,Georgetown,0,,,,
4.4,07:00,10:17,Fort Myers,0,,,,
4.4,07:05,10:08,Tampa,0,,,,
4.4,07:10,10:18,Miami,0,,,,
4.4,07:10,09:43,Jacksonville,0,,,,
4.4,07:10,10:33,Seattle,0,,,,
4.4,07:10,10:17,Fort Lauderdale,0,,,,
4.4,07:15,09:33,Minneapolis,0,,,,
4.4,07:19,10:13,Orlando,0,,,,
4.4,07:20,10:34,Los Angeles,0,,,,
4.4,07:20,10:45,Los Angeles,0,,,,
4.4,07:25,10:34,Fort Myers,0,,,,
4.4,07:30,11:08,San Francisco,0,,,,
4.4,07:30,10:50,Austin,0,,,,
4.4,07:30,11:55,Aruba,1,,,,
4.4,07:41,10:50,Cancun,1,,,,
4.4,07:45,11:13,San Diego,0,,,,
4.4,07:46,12:30,Aruba,1,,,,
4.4,07:50,10:30,Denver,0,,,,
4.4,07:53,11:38,Punta Cana,1,,,,
4.4,07:55,11:30,San Francisco,0,,,,
4.4,07:55,09:34,Memphis,0,,,,
4.4,07:59,11:08,Miami,0,,,,
4.4,07:59,11:38,San Francisco,0,,,,
4.4,07:59,11:56,San Francisco,0,,,,
4.4,08:00,10:10,Charleston,0,,,,
4.4,08:00,11:28,Los Angeles,0,,,,
4.4,08:00,11:23,Los Angeles,0,,,,
4.4,08:00,10:35,Jacksonville,0,,,,
4.4,08:00,11:43,Santo Domingo,1,,,,
4.4,08:00,11:07,Fort Lauderdale,0,,,,
4.4,08:00,11:58,Saint Thomas,0,,,,
4.4,08:00,11:09,Miami,0,,,,
4.4,08:00,11:50,Santiago,1,,,,
4.4,08:00,09:43,Raleigh/Durham,0,,,,
4.4,08:01,11:09,San Diego,0,,,,
4.4,08:05,11:11,Dallas,0,,,,
4.4,08:05,11:57,San Juan,1,,,,
4.4,08:05,10:59,Montego Bay,1,,,,
4.4,08:10,12:16,Punta Cana,1,,,,
4.4,08:20,10:59,Atlanta,0,,,,
4.4,08:20,12:18,Punta Cana,1,,,,
4.4,08:20,11:47,San Jose,0,,,,
4.4,08:22,12:50,Mexico City,1,,,,
4.4,08:25,11:10,New Orleans,0,,,,
4.4,08:25,12:26,Sint Maarten,1,,,,
4.4,08:30,11:49,Austin,0,,,,
4.4,08:30,11:38,Montego Bay,1,,,,
4.4,08:30,11:29,Tampa,0,,,,
4.4,08:30,12:28,Saint Thomas,0,,,,
4.4,08:30,12:22,Santo Domingo,1,,,,
4.4,08:30,11:30,Orlando,0,,,,
4.4,08:35,11:40,Las Vegas,0,,,,
4.4,08:36,11:45,Bermuda,1,,,,
4.4,08:40,11:44,Sarasota,0,,,,
4.4,08:40,13:20,Anchorage,0,,,,
4.4,08:42,12:30,Providenciales,1,,,,
4.4,08:45,12:55,Sint Maarten,1,,,,
4.4,09:00,12:01,West Palm Beach,0,,,,
4.4,09:00,10:45,Chicago,0,,,,
4.4,09:00,13:31,Saint Lucia,1,,,,
4.4,09:00,13:45,Bogota,1,,,,
4.4,09:00,12:23,Seattle,0,,,,
4.4,09:00,13:15,Antigua,1,,,,
4.4,09:00,12:56,San Juan,1,,,,
4.4,09:05,11:01,Detroit,0,,,,
4.4,09:05,12:30,Los Angeles,0,,,,
4.4,09:07,12:15,Cancun,1,,,,
4.4,09:10,12:10,Montego Bay,1,,,,
4.4,09:10,10:57,Raleigh/Durham,0,,,,
4.4,09:15,10:58,Chicago,0,,,,
4.4,09:20,12:02,Phoenix,0,,,,
4.4,09:29,12:50,Nassau,0,,,,
4.4,09:30,10:42,Boston,0,,,,
4.4,09:30,12:45,Seattle,0,,,,
4.4,09:35,13:52,San Jose Cabo,1,,,,
4.4,09:37,11:50,Detroit,0,,,,
4.4,09:40,13:01,Salt Lake City,0,,,,
4.4,09:42,12:05,Charleston,0,,,,
4.4,09:45,12:22,Atlanta,0,,,,
4.4,09:45,12:34,Las Vegas,0,,,,
4.4,09:45,11:15,Buffalo,0,,,,
4.4,09:49,13:27,Santiago,1,,,,
4.4,09:50,11:04,Syracuse,0,,,,
4.4,09:55,11:22,Rochester,0,,,,
4.4,09:59,13:25,Key West,0,,,,
4.4,10:00,13:20,Cancun,1,,,,
4.4,10:00,13:01,Albuquerque,0,,,,
4.4,10:05,14:35,Mexico City,1,,,,
4.4,10:15,13:18,Houston,0,,,,
4.4,10:17,14:46,Panama City,0,,,,
4.4,10:18,13:20,Cancun,1,,,,
4.4,10:18,14:50,Aruba,1,,,,
4.4,10:25,13:54,Salt Lake City,0,,,,
4.4,10:30,13:32,Tampa,0,,,,
4.4,10:30,13:11,Vail,0,,,,
4.4,10:30,13:36,Miami,0,,,,
4.4,10:30,14:06,San Francisco,0,,,,
4.4,10:30,12:51,Savannah,0,,,,
4.4,10:32,13:27,West Palm Beach,0,,,,
4.4,10:41,11:57,Rochester,0,,,,
4.4,10:45,14:26,Santiago,1,,,,
4.4,11:00,14:03,Fort Lauderdale,0,,,,
4.4,11:00,14:18,Los Angeles,0,,,,
4.4,11:05,14:21,Seattle,0,,,,
4.4,11:18,14:13,Cancun,1,,,,
4.4,11:20,07:50,Dubai,1,,,,
4.4,11:28,14:21,Orlando,0,,,,
4.4,11:29,15:02,Puerto Plata,1,,,,
4.4,11:30,14:21,Orlando,0,,,,
4.4,11:31,14:53,Los Angeles,0,,,,
4.4,11:41,13:49,Charlotte,0,,,,
4.4,11:45,15:29,Santo Domingo,1,,,,
4.4,11:55,13:40,Raleigh/Durham,0,,,,
4.4,11:56,15:44,Santiago,1,,,,
4.4,11:57,15:05,Miami,0,,,,
4.4,11:59,14:25,Atlanta,0,,,,
4.4,12:00,15:40,San Francisco,0,,,,
4.4,12:00,15:05,Fort Lauderdale,0,,,,
4.4,12:00,15:20,Los Angeles,0,,,,
4.4,12:00,15:08,Miami,0,,,,
4.4,12:00,15:27,Providenciales,1,,,,
4.4,12:10,13:23,Martha's Vineyard,0,,,,
4.4,12:30,16:12,Santo Domingo,1,,,,
4.4,12:30,12:00,Delhi,1,,,,
4.4,13:00,05:20,Istanbul,1,,,,
4.4,13:00,16:39,Santo Domingo,1,,,,
4.4,13:05,15:13,Detroit,0,,,,
4.4,13:15,16:35,Tokyo,0,,,,
4.4,13:25,10:25,Tashkent,1,,,,
4.4,13:30,16:33,Miami,0,,,,
4.4,13:30,02:40,Liege,1,,,,
4.4,13:35,16:27,Orlando,0,,,,
4.4,13:45,17:29,San Juan,1,,,,
4.4,13:45,18:45,Bogota,1,,,,
4.4,13:45,10:30,Nairobi,1,,,,
4.4,13:50,17:45,Seoul,1,,,,
4.4,13:52,16:10,Charleston,0,,,,
4.4,13:55,17:35,Seoul,1,,,,
4.4,13:55,17:20,Seoul,1,,,,
4.4,13:57,15:12,Burlington,0,,,,
4.4,14:00,17:19,Los Angeles,0,,,,
4.4,14:00,16:29,Denver,0,,,,
4.4,14:13,16:44,Jacksonville,0,,,,
4.4,14:25,18:02,Santiago,1,,,,
4.4,14:26,16:46,Savannah,0,,,,
4.4,14:30,17:24,Orlando,0,,,,
4.4,14:35,17:05,New Orleans,0,,,,
4.4,14:54,18:06,Fort Lauderdale,0,,,,
4.4,14:55,16:30,Washington,0,,,,
4.4,14:55,16:23,Rochester,0,,,,
4.4,14:55,16:30,Buffalo,0,,,,
4.4,14:55,16:42,Raleigh/Durham,0,,,,
4.4,15:00,16:15,Syracuse,0,,,,
4.4,15:05,17:26,Minneapolis,0,,,,
4.4,15:05,19:25,Mexico City,1,,,,
4.4,15:10,18:17,Sarasota,0,,,,
4.4,15:20,20:10,Mexico City,1,,,,
4.4,15:25,18:43,Miami,0,,,,
4.4,15:29,18:33,West Palm Beach,0,,,,
4.4,15:31,21:18,Guayaquil,1,,,,
4.4,15:35,18:47,Fort Lauderdale,0,,,,
4.4,15:35,18:34,Orlando,0,,,,
4.4,15:40,18:42,Orlando,0,,,,
4.4,15:45,18:49,Tampa,0,,,,
4.4,15:45,18:22,Atlanta,0,,,,
4.4,15:45,18:35,Kingston,1,,,,
4.4,15:47,18:59,Fort Myers,0,,,,
4.4,15:50,21:27,Georgetown,0,,,,
4.4,15:55,18:59,Las Vegas,0,,,,
4.4,15:59,18:50,New Orleans,0,,,,
4.4,15:59,19:54,San Juan,1,,,,
4.4,16:00,18:37,Jacksonville,0,,,,
4.4,16:05,19:27,Fort Myers,0,,,,
4.4,16:10,19:35,Los Angeles,0,,,,
4.4,16:30,20:09,Santiago,1,,,,
4.4,16:30,19:31,Tampa,0,,,,
4.4,16:30,20:17,Santo Domingo,1,,,,
4.4,16:33,19:44,Miami,0,,,,
4.4,16:39,19:39,Orlando,0,,,,
4.4,16:41,20:16,Salt Lake City,0,,,,
4.4,16:41,19:17,Atlanta,0,,,,
4.4,16:45,18:03,Boston,0,,,,
4.4,16:55,20:10,Los Angeles,0,,,,
4.4,16:59,20:57,San Francisco,0,,,,
4.4,17:00,20:20,Miami,0,,,,
4.4,17:00,20:31,Sacramento,0,,,,
4.4,17:00,20:30,Los Angeles,0,,,,
4.4,17:00,07:35,Rome,0,,,,
4.4,17:00,20:25,Los Angeles,0,,,,
4.4,17:10,19:01,Chicago,0,,,,
4.4,17:10,20:47,San Francisco,0,,,,
4.4,17:15,20:40,Los Angeles,0,,,,
4.4,17:15,04:50,Dublin,1,,,,
4.4,17:20,20:41,Seattle,0,,,,
4.4,17:20,06:50,Amsterdam,1,,,,
4.4,17:30,21:19,San Francisco,0,,,,
4.4,17:30,20:55,Austin,0,,,,
4.4,17:30,19:45,Charlotte,0,,,,
4.4,17:30,19:44,Detroit,0,,,,
4.4,17:35,06:55,Paris,1,,,,
4.4,17:35,07:45,Milan,1,,,,
4.4,17:45,20:54,Fort Lauderdale,0,,,,
4.4,17:50,19:50,Chicago,0,,,,
4.4,17:54,20:45,Phoenix,0,,,,
4.4,17:54,21:03,Fort Lauderdale,0,,,,
4.4,17:55,21:17,San Jose,0,,,,
4.4,17:55,21:37,San Francisco,0,,,,
4.4,17:55,05:20,Sao Paulo,1,,,,
4.4,17:59,21:08,Palm Springs,0,,,,
4.4,18:00,21:14,Fort Lauderdale,0,,,,
4.4,18:00,22:45,Mexico City,1,,,,
4.4,18:00,21:32,Los Angeles,0,,,,
4.4,18:10,06:20,London,1,,,,
4.4,18:15,21:15,Tokyo,0,,,,
4.4,18:24,21:58,Salt Lake City,0,,,,
4.4,18:30,07:45,Amsterdam,1,,,,
4.4,18:30,19:51,Boston,0,,,,
4.4,18:30,21:44,Portland,0,,,,
4.4,18:30,11:00,Cairo,1,,,,
4.4,18:30,22:00,Seattle,0,,,,
4.4,18:30,21:48,Miami,0,,,,
4.4,18:30,08:00,Paris,1,,,,
4.4,18:45,21:15,Atlanta,0,,,,
4.4,18:51,21:39,Phoenix,0,,,,
4.4,18:55,21:24,Savannah,0,,,,
4.4,18:55,22:46,San Juan,1,,,,
4.4,18:59,22:08,San Salvador,1,,,,
4.4,18:59,22:51,San Juan,1,,,,
4.4,18:59,22:54,Santo Domingo,1,,,,
4.4,19:00,22:29,Los Angeles,0,,,,
4.4,19:00,22:34,Los Angeles,0,,,,
4.4,19:10,22:38,Los Angeles,0,,,,
4.4,19:10,09:05,Milan,1,,,,
4.4,19:20,22:39,Austin,0,,,,
4.4,19:20,11:45,Moscow,1,,,,
4.4,19:25,23:29,San Francisco,0,,,,
4.4,19:29,22:51,Miami,0,,,,
4.4,19:30,07:10,Dakar,1,,,,
4.4,19:30,09:10,Paris,1,,,,
4.4,19:30,22:24,Orlando,0,,,,
4.4,19:33,09:15,Madrid,1,,,,
4.4,19:40,21:20,Washington,0,,,,
4.4,19:45,23:48,Santiago,1,,,,
4.4,19:45,21:44,Raleigh/Durham,0,,,,
4.4,19:50,22:34,Phoenix,0,,,,
4.4,19:59,23:22,Fort Lauderdale,0,,,,
4.4,19:59,23:17,Miami,0,,,,
4.4,19:59,22:46,Jacksonville,0,,,,
4.4,19:59,21:34,Rochester,0,,,,
4.4,19:59,22:30,Charleston,0,,,,
4.4,19:59,21:30,Burlington,0,,,,
4.4,19:59,23:08,Las Vegas,0,,,,
4.4,20:00,23:46,Santiago,1,,,,
4.4,20:00,08:10,London,1,,,,
4.4,20:10,08:20,London,1,,,,
4.4,20:30,01:24,Bogota,1,,,,
4.4,20:30,10:15,Paris,1,,,,
4.4,20:35,00:26,Santo Domingo,1,,,,
4.4,20:40,08:30,Casablanca,1,,,,
4.4,20:55,16:25,Doha,1,,,,
4.4,20:55,00:18,Los Angeles,0,,,,
4.4,20:59,22:36,Buffalo,0,,,,
4.4,20:59,22:18,Syracuse,0,,,,
4.4,21:00,22:16,Boston,0,,,,
4.4,21:00,22:31,Buffalo,0,,,,
4.4,21:00,22:18,Syracuse,0,,,,
4.4,21:05,17:50,Abu Dhabi,1,,,,
4.4,21:05,10:55,Zurich,1,,,,
4.4,21:10,10:30,Madrid,1,,,,
4.4,21:29,22:49,Boston,0,,,,
4.4,21:35,09:40,London,1,,,,
4.4,21:42,09:15,Dublin,1,,,,
4.4,21:55,09:50,Buenos Aires,1,,,,
4.4,22:00,11:20,Amsterdam,1,,,,
4.4,22:15,12:45,Warsaw,1,,,,
4.4,22:25,09:15,Sao Paulo,1,,,,
4.4,22:30,05:20,Singapore,1,,,,
4.4,22:30,02:09,Santiago,1,,,,
4.4,22:35,12:05,Frankfurt,1,,,,
4.4,22:46,09:40,Sao Paulo,1,,,,
4.4,23:00,02:41,Santo Domingo,1,,,,
4.4,23:00,19:45,Dubai,1,,,,
4.4,23:20,06:05,Lima,1,,,,
4.4,23:20,16:00,Istanbul,1,,,,
4.4,23:47,17:35,Tel Aviv-Yafo,1,,,,
4.4,23:50,14:40,Helsinki,1,,,,
5.4,23:50,17:20,Tel Aviv-Yafo,1,,,,
5.4,23:59,03:41,Aguadilla,0,,,,
5.4,01:00,20:30,Doha,1,,,,
5.4,01:25,13:35,Luxembourg,1,,,,
5.4,01:48,06:09,Guadalajara,1,,,,
5.4,02:10,15:25,Luxembourg,1,,,,
5.4,02:12,06:41,Panama City,0,,,,
5.4,03:30,15:30,Liege,1,,,,
5.4,03:35,16:25,Brussels,1,,,,
5.4,04:10,07:05,San Salvador,1,,,,
5.4,05:01,08:38,Santo Domingo,1,,,,
5.4,05:01,08:29,Santiago,1,,,,
5.4,05:05,08:12,Miami,0,,,,
5.4,05:30,08:19,Kingston,1,,,,
5.4,05:35,08:36,Fort Lauderdale,0,,,,
5.4,05:40,08:35,San Salvador,1,,,,
5.4,05:55,09:27,Santiago,1,,,,
5.4,06:00,08:05,Charlotte,0,,,,
5.4,06:00,08:48,Phoenix,0,,,,
5.4,06:00,09:21,Los Angeles,0,,,,
5.4,06:00,09:47,San Juan,1,,,,
5.4,06:00,08:33,Atlanta,0,,,,
5.4,06:01,09:46,Port Au Prince,1,,,,
5.4,06:05,19:25,Liege,1,,,,
5.4,06:30,09:30,Miami,0,,,,
5.4,06:45,07:54,Boston,0,,,,
5.4,06:50,10:39,Saint Thomas,0,,,,
5.4,06:55,10:33,Salt Lake City,0,,,,
5.4,07:00,12:51,Georgetown,0,,,,
5.4,07:00,10:04,Fort Lauderdale,0,,,,
5.4,07:00,12:40,Georgetown,0,,,,
5.4,07:00,10:25,Los Angeles,0,,,,
5.4,07:00,10:17,Fort Myers,0,,,,
5.4,07:00,10:27,Providenciales,1,,,,
5.4,07:00,09:53,Orlando,0,,,,
5.4,07:05,10:08,Tampa,0,,,,
5.4,07:10,10:33,Seattle,0,,,,
5.4,07:10,10:18,Miami,0,,,,
5.4,07:10,09:43,Jacksonville,0,,,,
5.4,07:10,10:17,Fort Lauderdale,0,,,,
5.4,07:15,09:33,Minneapolis,0,,,,
5.4,07:19,10:13,Orlando,0,,,,
5.4,07:20,10:34,Los Angeles,0,,,,
5.4,07:25,10:34,Fort Myers,0,,,,
5.4,07:30,10:50,Austin,0,,,,
5.4,07:30,11:08,San Francisco,0,,,,
5.4,07:30,11:55,Aruba,1,,,,
5.4,07:41,10:50,Cancun,1,,,,
5.4,07:45,11:13,San Diego,0,,,,
5.4,07:46,12:30,Aruba,1,,,,
5.4,07:49,11:05,Liberia,1,,,,
5.4,07:50,10:30,Denver,0,,,,
5.4,07:53,11:38,Punta Cana,1,,,,
5.4,07:55,11:30,San Francisco,0,,,,
5.4,07:59,11:38,San Francisco,0,,,,
5.4,07:59,11:56,San Francisco,0,,,,
5.4,08:00,11:23,Los Angeles,0,,,,
5.4,08:00,09:43,Raleigh/Durham,0,,,,
5.4,08:00,11:43,Santo Domingo,1,,,,
5.4,08:00,11:09,Miami,0,,,,
5.4,08:00,10:35,Jacksonville,0,,,,
5.4,08:00,11:50,Santiago,1,,,,
5.4,08:00,11:58,Saint Thomas,0,,,,
5.4,08:00,11:07,Fort Lauderdale,0,,,,
5.4,08:00,11:28,Los Angeles,0,,,,
5.4,08:01,11:09,San Diego,0,,,,
5.4,08:05,10:59,Montego Bay,1,,,,
5.4,08:05,11:57,San Juan,1,,,,
5.4,08:05,11:11,Dallas,0,,,,
5.4,08:06,11:05,Tampa,0,,,,
5.4,08:10,12:16,Punta Cana,1,,,,
5.4,08:15,20:00,London,1,,,,
5.4,08:20,10:59,Atlanta,0,,,,
5.4,08:20,11:47,San Jose,0,,,,
5.4,08:20,12:18,Punta Cana,1,,,,
5.4,08:22,12:50,Mexico City,1,,,,
5.4,08:25,11:10,New Orleans,0,,,,
5.4,08:29,11:29,Orlando,0,,,,
5.4,08:30,11:49,Austin,0,,,,
5.4,08:30,12:28,Saint Thomas,0,,,,
5.4,08:30,11:38,Montego Bay,1,,,,
5.4,08:30,12:22,Santo Domingo,1,,,,
5.4,08:35,11:40,Las Vegas,0,,,,
5.4,08:36,11:45,Bermuda,1,,,,
5.4,08:40,11:44,Sarasota,0,,,,
5.4,08:40,13:20,Anchorage,0,,,,
5.4,08:42,12:30,Providenciales,1,,,,
5.4,08:56,10:52,Detroit,0,,,,
5.4,09:00,12:01,West Palm Beach,0,,,,
5.4,09:00,12:23,Seattle,0,,,,
5.4,09:00,11:12,Charleston,0,,,,
5.4,09:00,13:31,Saint Lucia,1,,,,
5.4,09:00,12:56,San Juan,1,,,,
5.4,09:00,13:45,Bogota,1,,,,
5.4,09:00,10:45,Chicago,0,,,,
5.4,09:00,13:15,Antigua,1,,,,
5.4,09:05,12:30,Los Angeles,0,,,,
5.4,09:07,12:15,Cancun,1,,,,
5.4,09:10,12:10,Montego Bay,1,,,,
5.4,09:10,10:57,Raleigh/Durham,0,,,,
5.4,09:15,10:58,Chicago,0,,,,
5.4,09:20,12:02,Phoenix,0,,,,
5.4,09:30,12:31,Fort Lauderdale,0,,,,
5.4,09:30,12:45,Seattle,0,,,,
5.4,09:30,12:52,Los Angeles,0,,,,
5.4,09:30,10:42,Boston,0,,,,
5.4,09:37,11:50,Detroit,0,,,,
5.4,09:40,13:01,Salt Lake City,0,,,,
5.4,09:42,12:05,Charleston,0,,,,
5.4,09:45,12:34,Las Vegas,0,,,,
5.4,09:45,11:16,Nashville,0,,,,
5.4,09:45,11:15,Buffalo,0,,,,
5.4,09:45,12:22,Atlanta,0,,,,
5.4,09:49,13:27,Santiago,1,,,,
5.4,09:50,11:04,Syracuse,0,,,,
5.4,09:55,11:22,Rochester,0,,,,
5.4,09:59,13:25,Key West,0,,,,
5.4,09:59,12:57,Tampa,0,,,,
5.4,10:00,13:20,Cancun,1,,,,
5.4,10:00,15:40,Guayaquil,1,,,,
5.4,10:00,14:35,Medellin,1,,,,
5.4,10:00,15:25,Honolulu,0,,,,
5.4,10:00,12:55,Orlando,0,,,,
5.4,10:00,13:11,Fort Myers,0,,,,
5.4,10:00,13:57,Cartagena,1,,,,
5.4,10:05,14:35,Mexico City,1,,,,
5.4,10:15,13:18,Houston,0,,,,
5.4,10:17,14:46,Panama City,0,,,,
5.4,10:18,13:20,Cancun,1,,,,
5.4,10:25,13:54,Salt Lake City,0,,,,
5.4,10:30,13:32,Tampa,0,,,,
5.4,10:30,14:06,San Francisco,0,,,,
5.4,10:30,13:11,Vail,0,,,,
5.4,10:30,12:51,Savannah,0,,,,
5.4,10:30,13:36,Miami,0,,,,
5.4,10:30,13:37,Miami,0,,,,
5.4,10:32,13:27,West Palm Beach,0,,,,
5.4,10:41,11:57,Rochester,0,,,,
5.4,10:45,14:26,Santiago,1,,,,
5.4,11:00,14:18,Los Angeles,0,,,,
5.4,11:00,14:03,Fort Lauderdale,0,,,,
5.4,11:05,14:21,Seattle,0,,,,
5.4,11:20,13:20,Toronto,1,,,,
5.4,11:20,07:50,Dubai,1,,,,
5.4,11:28,14:21,Orlando,0,,,,
5.4,11:30,14:21,Orlando,0,,,,
5.4,11:30,15:03,Puerto Plata,1,,,,
5.4,11:41,13:49,Charlotte,0,,,,
5.4,11:45,15:29,Santo Domingo,1,,,,
5.4,11:45,14:45,Cancun,1,,,,
5.4,11:55,13:40,Raleigh/Durham,0,,,,
5.4,11:56,15:44,Santiago,1,,,,
5.4,11:57,15:05,Miami,0,,,,
5.4,11:59,14:25,Atlanta,0,,,,
5.4,12:00,15:05,Fort Lauderdale,0,,,,
5.4,12:00,15:20,Los Angeles,0,,,,
5.4,12:00,15:40,San Francisco,0,,,,
5.4,12:00,15:08,Miami,0,,,,
5.4,12:00,14:56,West Palm Beach,0,,,,
5.4,12:10,13:23,Martha's Vineyard,0,,,,
5.4,12:30,16:12,Santo Domingo,1,,,,
5.4,13:00,05:20,Istanbul,1,,,,
5.4,13:00,16:39,Santo Domingo,1,,,,
5.4,13:05,15:13,Detroit,0,,,,
5.4,13:15,16:35,Tokyo,0,,,,
5.4,13:30,16:33,Miami,0,,,,
5.4,13:30,16:33,Fort Lauderdale,0,,,,
5.4,13:35,16:27,Orlando,0,,,,
5.4,13:45,17:29,San Juan,1,,,,
5.4,13:45,18:45,Bogota,1,,,,
5.4,13:50,17:45,Seoul,1,,,,
5.4,13:52,16:10,Charleston,0,,,,
5.4,13:55,17:20,Seoul,1,,,,
5.4,14:00,17:19,Los Angeles,0,,,,
5.4,14:00,16:29,Denver,0,,,,
5.4,14:13,16:44,Jacksonville,0,,,,
5.4,14:25,18:02,Santiago,1,,,,
5.4,14:26,16:46,Savannah,0,,,,
5.4,14:35,17:05,New Orleans,0,,,,
5.4,14:35,05:25,Belgrade,0,,,,
5.4,14:54,18:06,Fort Lauderdale,0,,,,
5.4,14:55,16:23,Rochester,0,,,,
5.4,14:55,16:30,Buffalo,0,,,,
5.4,14:55,16:30,Washington,0,,,,
5.4,14:55,16:42,Raleigh/Durham,0,,,,
5.4,15:00,16:15,Syracuse,0,,,,
5.4,15:05,17:26,Minneapolis,0,,,,
5.4,15:10,18:17,Sarasota,0,,,,
5.4,15:20,20:10,Mexico City,1,,,,
5.4,15:25,18:43,Miami,0,,,,
5.4,15:29,18:33,West Palm Beach,0,,,,
5.4,15:31,21:18,Guayaquil,1,,,,
5.4,15:35,18:34,Orlando,0,,,,
5.4,15:35,18:47,Fort Lauderdale,0,,,,
5.4,15:40,18:42,Orlando,0,,,,
5.4,15:45,18:21,Atlanta,0,,,,
5.4,15:45,18:49,Tampa,0,,,,
5.4,15:45,05:45,Frankfurt,1,,,,
5.4,15:45,18:35,Kingston,1,,,,
5.4,15:47,18:59,Fort Myers,0,,,,
5.4,15:50,21:27,Georgetown,0,,,,
5.4,15:55,18:59,Las Vegas,0,,,,
5.4,15:59,18:50,New Orleans,0,,,,
5.4,15:59,19:54,San Juan,1,,,,
5.4,16:00,18:37,Jacksonville,0,,,,
5.4,16:05,19:27,Fort Myers,0,,,,
5.4,16:10,19:35,Los Angeles,0,,,,
5.4,16:25,19:25,Shanghai,1,,,,
5.4,16:30,19:31,Tampa,0,,,,
5.4,16:30,20:17,Santo Domingo,1,,,,
5.4,16:30,20:09,Santiago,1,,,,
5.4,16:33,19:44,Miami,0,,,,
5.4,16:39,19:39,Orlando,0,,,,
5.4,16:41,20:16,Salt Lake City,0,,,,
5.4,16:41,19:17,Atlanta,0,,,,
5.4,16:45,18:03,Boston,0,,,,
5.4,16:55,20:10,Los Angeles,0,,,,
5.4,16:59,20:57,San Francisco,0,,,,
5.4,17:00,20:30,Los Angeles,0,,,,
5.4,17:00,19:10,Charleston,0,,,,
5.4,17:00,07:35,Rome,0,,,,
5.4,17:00,20:20,Miami,0,,,,
5.4,17:10,20:47,San Francisco,0,,,,
5.4,17:10,19:01,Chicago,0,,,,
5.4,17:15,04:50,Dublin,1,,,,
5.4,17:15,20:40,Los Angeles,0,,,,
5.4,17:20,06:50,Amsterdam,1,,,,
5.4,17:20,20:41,Seattle,0,,,,
5.4,17:30,19:45,Charlotte,0,,,,
5.4,17:30,19:44,Detroit,0,,,,
5.4,17:30,21:19,San Francisco,0,,,,
5.4,17:30,20:55,Austin,0,,,,
5.4,17:35,06:55,Paris,1,,,,
5.4,17:35,07:45,Milan,1,,,,
5.4,17:54,21:03,Fort Lauderdale,0,,,,
5.4,17:54,20:45,Phoenix,0,,,,
5.4,17:55,21:35,Seoul,1,,,,
5.4,17:55,21:37,San Francisco,0,,,,
5.4,17:59,21:08,Palm Springs,0,,,,
5.4,18:00,21:32,Los Angeles,0,,,,
5.4,18:00,07:10,Madrid,1,,,,
5.4,18:00,22:45,Mexico City,1,,,,
5.4,18:00,21:14,Fort Lauderdale,0,,,,
5.4,18:00,11:30,Tel Aviv-Yafo,1,,,,
5.4,18:10,06:20,London,1,,,,
5.4,18:24,21:58,Salt Lake City,0,,,,
5.4,18:30,19:51,Boston,0,,,,
5.4,18:30,22:00,Seattle,0,,,,
5.4,18:30,21:44,Portland,0,,,,
5.4,18:30,08:30,Maastricht,1,,,,
5.4,18:30,07:45,Amsterdam,1,,,,
5.4,18:30,08:00,Paris,1,,,,
5.4,18:30,21:48,Miami,0,,,,
5.4,18:45,21:15,Atlanta,0,,,,
5.4,18:51,21:39,Phoenix,0,,,,
5.4,18:55,22:46,San Juan,1,,,,
5.4,18:59,22:51,San Juan,1,,,,
5.4,18:59,22:54,Santo Domingo,1,,,,
5.4,18:59,22:08,San Salvador,1,,,,
5.4,19:00,22:34,Los Angeles,0,,,,
5.4,19:00,22:29,Los Angeles,0,,,,
5.4,19:10,09:05,Milan,1,,,,
5.4,19:10,22:38,Los Angeles,0,,,,
5.4,19:20,22:39,Austin,0,,,,
5.4,19:25,23:29,San Francisco,0,,,,
5.4,19:29,22:51,Miami,0,,,,
5.4,19:30,22:24,Orlando,0,,,,
5.4,19:30,09:10,Paris,1,,,,
5.4,19:40,21:20,Washington,0,,,,
5.4,19:45,23:48,Santiago,1,,,,
5.4,19:45,21:44,Raleigh/Durham,0,,,,
5.4,19:50,22:34,Phoenix,0,,,,
5.4,19:59,23:08,Las Vegas,0,,,,
5.4,19:59,23:17,Miami,0,,,,
5.4,19:59,23:22,Fort Lauderdale,0,,,,
5.4,19:59,22:30,Charleston,0,,,,
5.4,19:59,21:34,Rochester,0,,,,
5.4,19:59,22:46,Jacksonville,0,,,,
5.4,19:59,21:30,Burlington,0,,,,
5.4,20:00,23:23,Los Angeles,0,,,,
5.4,20:00,08:10,London,1,,,,
5.4,20:00,23:46,Santiago,1,,,,
5.4,20:10,23:10,Orlando,0,,,,
5.4,20:10,08:20,London,1,,,,
5.4,20:30,10:15,Paris,1,,,,
5.4,20:30,01:24,Bogota,1,,,,
5.4,20:35,00:26,Santo Domingo,1,,,,
5.4,20:40,08:30,Casablanca,1,,,,
5.4,20:55,16:25,Doha,1,,,,
5.4,20:59,22:36,Buffalo,0,,,,
5.4,20:59,22:18,Syracuse,0,,,,
5.4,21:00,22:31,Buffalo,0,,,,
5.4,21:00,22:16,Boston,0,,,,
5.4,21:05,10:55,Zurich,1,,,,
5.4,21:05,17:50,Abu Dhabi,1,,,,
5.4,21:29,22:49,Boston,0,,,,
5.4,21:35,09:40,London,1,,,,
5.4,21:55,09:50,Buenos Aires,1,,,,
5.4,22:15,12:45,Warsaw,1,,,,
5.4,22:25,09:15,Sao Paulo,1,,,,
5.4,22:30,02:09,Santiago,1,,,,
5.4,22:30,05:20,Singapore,1,,,,
5.4,22:46,09:40,Sao Paulo,1,,,,
5.4,23:00,19:45,Dubai,1,,,,
5.4,23:00,02:41,Santo Domingo,1,,,,
5.4,23:20,16:00,Istanbul,1,,,,
5.4,23:47,17:35,Tel Aviv-Yafo,1,,,,
5.4,23:50,14:40,Helsinki,1,,,,
5.4,23:55,13:50,Accra,1,,,,
5.4,23:59,03:41,San Juan,1,,,,
6.4,01:00,20:30,Doha,1,,,,
6.4,02:10,07:00,Bogota,1,,,,
6.4,02:12,06:41,Panama City,0,,,,
6.4,02:25,05:55,Seoul,1,,,,
6.4,04:10,07:05,San Salvador,1,,,,
6.4,04:35,18:15,Milan,1,,,,
6.4,05:01,08:32,Santiago,1,,,,
6.4,05:05,08:12,Miami,0,,,,
6.4,05:07,08:44,Santo Domingo,1,,,,
6.4,05:35,08:36,Fort Lauderdale,0,,,,
6.4,05:45,09:17,Santiago,1,,,,
6.4,06:00,09:21,Los Angeles,0,,,,
6.4,06:00,08:48,Phoenix,0,,,,
6.4,06:00,09:00,Cancun,1,,,,
6.4,06:00,08:33,Atlanta,0,,,,
6.4,06:00,08:05,Charlotte,0,,,,
6.4,06:01,09:49,San Juan,1,,,,
6.4,06:01,09:46,Port Au Prince,1,,,,
6.4,06:01,08:52,Kingston,1,,,,
6.4,06:20,18:25,Leicestershire,1,,,,
6.4,06:30,09:30,Miami,0,,,,
6.4,06:30,09:37,Fort Myers,0,,,,
6.4,06:55,10:33,Salt Lake City,0,,,,
6.4,07:00,10:04,Fort Lauderdale,0,,,,
6.4,07:00,08:10,Boston,0,,,,
6.4,07:00,10:17,Fort Myers,0,,,,
6.4,07:00,12:51,Georgetown,0,,,,
6.4,07:05,10:08,Tampa,0,,,,
6.4,07:10,10:17,Fort Lauderdale,0,,,,
6.4,07:10,09:43,Jacksonville,0,,,,
6.4,07:10,10:33,Seattle,0,,,,
6.4,07:10,10:18,Miami,0,,,,
6.4,07:15,09:33,Minneapolis,0,,,,
6.4,07:19,10:13,Orlando,0,,,,
6.4,07:30,11:08,San Francisco,0,,,,
6.4,07:30,10:50,Austin,0,,,,
6.4,07:30,10:30,Orlando,0,,,,
6.4,07:30,11:58,Aruba,1,,,,
6.4,07:45,11:13,San Diego,0,,,,
6.4,07:45,10:56,Cancun,1,,,,
6.4,07:45,10:45,West Palm Beach,0,,,,
6.4,07:46,12:30,Aruba,1,,,,
6.4,07:50,10:30,Denver,0,,,,
6.4,07:55,11:30,San Francisco,0,,,,
6.4,07:59,11:56,San Francisco,0,,,,
6.4,08:00,12:42,Bridgetown,1,,,,
6.4,08:00,10:56,Tampa,0,,,,
6.4,08:00,11:06,Bermuda,1,,,,
6.4,08:00,10:35,Jacksonville,0,,,,
6.4,08:00,11:50,Santiago,1,,,,
6.4,08:00,11:07,Fort Lauderdale,0,,,,
6.4,08:00,11:28,Los Angeles,0,,,,
6.4,08:00,11:13,San Diego,0,,,,
6.4,08:00,11:23,Liberia,1,,,,
6.4,08:00,10:54,Montego Bay,1,,,,
6.4,08:00,11:23,Los Angeles,0,,,,
6.4,08:00,11:09,Miami,0,,,,
6.4,08:00,11:58,Saint Thomas,0,,,,
6.4,08:04,11:07,Sarasota,0,,,,
6.4,08:05,11:14,Miami,0,,,,
6.4,08:05,11:57,San Juan,1,,,,
6.4,08:10,12:16,Punta Cana,1,,,,
6.4,08:15,11:35,Los Angeles,0,,,,
6.4,08:20,10:59,Atlanta,0,,,,
6.4,08:20,12:18,Punta Cana,1,,,,
6.4,08:22,12:50,Mexico City,1,,,,
6.4,08:25,11:10,New Orleans,0,,,,
6.4,08:25,12:27,Sint Maarten,1,,,,
6.4,08:30,11:30,Orlando,0,,,,
6.4,08:30,11:38,Montego Bay,1,,,,
6.4,08:30,12:12,San Francisco,0,,,,
6.4,08:30,12:28,Saint Thomas,0,,,,
6.4,08:30,12:22,Santo Domingo,1,,,,
6.4,08:35,11:40,Las Vegas,0,,,,
6.4,08:35,12:23,Punta Cana,1,,,,
6.4,09:00,12:14,Fort Lauderdale,0,,,,
6.4,09:00,12:01,West Palm Beach,0,,,,
6.4,09:00,12:05,Los Angeles,0,,,,
6.4,09:00,10:30,Buffalo,0,,,,
6.4,09:00,12:56,San Juan,1,,,,
6.4,09:00,13:15,Antigua,1,,,,
6.4,09:04,12:15,Cancun,1,,,,
6.4,09:10,12:10,Montego Bay,1,,,,
6.4,09:10,10:57,Raleigh/Durham,0,,,,
6.4,09:15,10:58,Chicago,0,,,,
6.4,09:20,12:02,Phoenix,0,,,,
6.4,09:30,11:39,Charleston,0,,,,
6.4,09:30,12:39,Miami,0,,,,
6.4,09:30,10:42,Boston,0,,,,
6.4,09:30,12:45,Seattle,0,,,,
6.4,09:37,11:50,Detroit,0,,,,
6.4,09:40,12:29,Las Vegas,0,,,,
6.4,09:42,12:05,Charleston,0,,,,
6.4,09:45,12:22,Atlanta,0,,,,
6.4,09:45,13:22,Santiago,1,,,,
6.4,10:00,13:00,Orlando,0,,,,
6.4,10:00,13:20,Cancun,1,,,,
6.4,10:00,12:30,Halifax,1,,,,
6.4,10:05,14:35,Mexico City,1,,,,
6.4,10:17,14:46,Panama City,0,,,,
6.4,10:18,13:20,Cancun,1,,,,
6.4,10:20,14:52,Aruba,1,,,,
6.4,10:25,13:54,Salt Lake City,0,,,,
6.4,10:30,13:36,Miami,0,,,,
6.4,10:30,14:06,San Francisco,0,,,,
6.4,10:30,12:51,Savannah,0,,,,
6.4,10:30,13:32,Tampa,0,,,,
6.4,10:32,13:27,West Palm Beach,0,,,,
6.4,10:45,14:26,Santiago,1,,,,
6.4,11:00,14:03,Fort Lauderdale,0,,,,
6.4,11:00,14:18,Los Angeles,0,,,,
6.4,11:15,14:25,Fort Myers,0,,,,
6.4,11:20,07:50,Dubai,1,,,,
6.4,11:28,14:21,Orlando,0,,,,
6.4,11:30,14:21,Orlando,0,,,,
6.4,11:30,14:34,Sarasota,0,,,,
6.4,11:41,13:49,Charlotte,0,,,,
6.4,11:45,15:29,Santo Domingo,1,,,,
6.4,11:45,14:45,Cancun,1,,,,
6.4,11:56,15:44,Santiago,1,,,,
6.4,11:57,15:05,Miami,0,,,,
6.4,11:59,14:25,Atlanta,0,,,,
6.4,12:00,15:20,Los Angeles,0,,,,
6.4,12:00,14:55,Tampa,0,,,,
6.4,12:00,15:05,Fort Lauderdale,0,,,,
6.4,12:10,13:23,Martha's Vineyard,0,,,,
6.4,12:30,16:12,Santo Domingo,1,,,,
6.4,12:30,15:37,Miami,0,,,,
6.4,13:00,05:20,Istanbul,1,,,,
6.4,13:00,16:39,Santo Domingo,1,,,,
6.4,13:05,15:13,Detroit,0,,,,
6.4,13:15,16:35,Tokyo,0,,,,
6.4,13:30,16:33,Miami,0,,,,
6.4,13:30,16:10,Chicago,0,,,,
6.4,13:35,16:27,Orlando,0,,,,
6.4,13:45,17:29,San Juan,1,,,,
6.4,13:45,18:45,Bogota,1,,,,
6.4,13:45,16:45,West Palm Beach,0,,,,
6.4,14:00,17:19,Los Angeles,0,,,,
6.4,14:00,17:04,Tampa,0,,,,
6.4,14:05,17:50,Santo Domingo,1,,,,
6.4,14:13,16:44,Jacksonville,0,,,,
6.4,14:24,16:44,Savannah,0,,,,
6.4,14:30,17:40,Miami,0,,,,
6.4,14:55,16:30,Buffalo,0,,,,
6.4,14:55,16:23,Rochester,0,,,,
6.4,14:55,16:30,Washington,0,,,,
6.4,14:55,16:42,Raleigh/Durham,0,,,,
6.4,14:56,18:37,Santiago,1,,,,
6.4,14:59,18:11,Fort Lauderdale,0,,,,
6.4,15:00,16:15,Syracuse,0,,,,
6.4,15:05,17:26,Minneapolis,0,,,,
6.4,15:05,19:25,Mexico City,1,,,,
6.4,15:20,20:10,Mexico City,1,,,,
6.4,15:25,18:43,Miami,0,,,,
6.4,15:35,18:47,Fort Lauderdale,0,,,,
6.4,15:35,18:34,Orlando,0,,,,
6.4,15:40,18:42,Orlando,0,,,,
6.4,15:45,18:21,Atlanta,0,,,,
6.4,15:45,05:45,Frankfurt,1,,,,
6.4,15:55,19:10,Fort Myers,0,,,,
6.4,15:59,19:03,West Palm Beach,0,,,,
6.4,15:59,19:55,San Juan,1,,,,
6.4,15:59,19:03,Tampa,0,,,,
6.4,16:00,18:37,Jacksonville,0,,,,
6.4,16:10,19:35,Los Angeles,0,,,,
6.4,16:30,20:09,Santiago,1,,,,
6.4,16:30,20:17,Santo Domingo,1,,,,
6.4,16:30,19:41,Miami,0,,,,
6.4,16:38,20:00,Los Angeles,0,,,,
6.4,16:39,19:39,Orlando,0,,,,
6.4,16:41,20:16,Salt Lake City,0,,,,
6.4,16:45,18:03,Boston,0,,,,
6.4,16:55,20:10,Los Angeles,0,,,,
6.4,16:59,20:57,San Francisco,0,,,,
6.4,17:00,20:30,Los Angeles,0,,,,
6.4,17:00,07:35,Rome,0,,,,
6.4,17:00,20:20,Miami,0,,,,
6.4,17:10,19:01,Chicago,0,,,,
6.4,17:15,20:40,Los Angeles,0,,,,
6.4,17:15,04:50,Dublin,1,,,,
6.4,17:20,06:50,Amsterdam,1,,,,
6.4,17:20,20:41,Seattle,0,,,,
6.4,17:30,19:45,Charlotte,0,,,,
6.4,17:30,21:19,San Francisco,0,,,,
6.4,17:30,19:44,Detroit,0,,,,
6.4,17:30,20:55,Austin,0,,,,
6.4,17:35,06:55,Paris,1,,,,
6.4,17:49,21:00,Fort Lauderdale,0,,,,
6.4,17:54,20:45,Phoenix,0,,,,
6.4,17:55,21:35,Seoul,1,,,,
6.4,18:00,22:45,Mexico City,1,,,,
6.4,18:00,21:14,Fort Lauderdale,0,,,,
6.4,18:00,21:32,Los Angeles,0,,,,
6.4,18:10,06:20,London,1,,,,
6.4,18:15,21:15,Tokyo,0,,,,
6.4,18:30,22:10,San Francisco,0,,,,
6.4,18:30,21:48,Miami,0,,,,
6.4,18:30,22:00,Seattle,0,,,,
6.4,18:30,07:45,Amsterdam,1,,,,
6.4,18:30,08:00,Paris,1,,,,
6.4,18:45,21:15,Atlanta,0,,,,
6.4,18:59,22:51,San Juan,1,,,,
6.4,18:59,22:08,San Salvador,1,,,,
6.4,19:00,22:34,Los Angeles,0,,,,
6.4,19:00,22:23,Los Angeles,0,,,,
6.4,19:00,07:10,London,1,,,,
6.4,19:10,09:05,Milan,1,,,,
6.4,19:20,22:39,Austin,0,,,,
6.4,19:20,11:45,Moscow,1,,,,
6.4,19:25,23:29,San Francisco,0,,,,
6.4,19:29,22:51,Miami,0,,,,
6.4,19:30,22:28,Orlando,0,,,,
6.4,19:30,07:10,Dakar,1,,,,
6.4,19:30,09:10,Paris,1,,,,
6.4,19:30,23:25,San Juan,1,,,,
6.4,19:40,22:27,Phoenix,0,,,,
6.4,19:40,21:20,Washington,0,,,,
6.4,19:45,21:44,Raleigh/Durham,0,,,,
6.4,19:45,10:35,Rome,0,,,,
6.4,19:59,23:08,Las Vegas,0,,,,
6.4,19:59,23:22,Fort Lauderdale,0,,,,
6.4,19:59,22:46,Jacksonville,0,,,,
6.4,19:59,21:34,Rochester,0,,,,
6.4,19:59,21:30,Burlington,0,,,,
6.4,19:59,22:30,Charleston,0,,,,
6.4,20:00,23:46,Santiago,1,,,,
6.4,20:00,08:10,London,1,,,,
6.4,20:10,23:10,Orlando,0,,,,
6.4,20:10,08:20,London,1,,,,
6.4,20:30,10:15,Paris,1,,,,
6.4,20:30,09:45,Paris,1,,,,
6.4,20:30,01:24,Bogota,1,,,,
6.4,20:35,00:26,Santo Domingo,1,,,,
6.4,20:40,08:30,Casablanca,1,,,,
6.4,20:55,16:25,Doha,1,,,,
6.4,20:59,22:36,Buffalo,0,,,,
6.4,20:59,22:18,Syracuse,0,,,,
6.4,21:00,22:31,Buffalo,0,,,,
6.4,21:05,17:50,Abu Dhabi,1,,,,
6.4,21:29,22:49,Boston,0,,,,
6.4,21:35,09:40,London,1,,,,
6.4,22:00,23:14,Boston,0,,,,
6.4,22:00,11:20,Amsterdam,1,,,,
6.4,22:25,09:15,Sao Paulo,1,,,,
6.4,22:30,05:20,Singapore,1,,,,
6.4,22:30,02:09,Santiago,1,,,,
6.4,23:00,19:45,Dubai,1,,,,
6.4,23:00,02:43,Santo Domingo,1,,,,
6.4,23:20,16:00,Istanbul,1,,,,
6.4,23:20,06:05,Lima,1,,,,
6.4,23:47,17:35,Tel Aviv-Yafo,1,,,,
6.4,23:50,17:20,Tel Aviv-Yafo,1,,,,
6.4,23:50,03:35,San Juan,1,,,,
6.4,23:55,13:50,Accra,1,,,,
6.4,23:59,03:43,Aguadilla,0,,,,
